model,power,prop_na,sample_size,cutpoints,beta_yprev,beta_t,beta_tx,beta_t_tx,tx_end,tx_type,n_sim,datetime
otm,0.084,0,500,NA,NA,-0.02,0,-0.01,3,linear,500,2024-11-01T15:27:49Z
otm_rand_int,0.082,0,500,NA,NA,-0.02,0,-0.01,3,linear,500,2024-11-01T15:27:49Z
rand_int,0.572,0,500,NA,NA,-0.02,0,-0.01,3,linear,500,2024-11-01T15:27:49Z
free_days8,0.066,0,500,NA,NA,-0.02,0,-0.01,3,linear,500,2024-11-01T15:27:49Z
free_days78,0.084,0,500,NA,NA,-0.02,0,-0.01,3,linear,500,2024-11-01T15:27:49Z
free_days678,0.078,0,500,NA,NA,-0.02,0,-0.01,3,linear,500,2024-11-01T15:27:49Z
free_days5678,0.094,0,500,NA,NA,-0.02,0,-0.01,3,linear,500,2024-11-01T15:27:49Z
free_days45678,0.088,0,500,NA,NA,-0.02,0,-0.01,3,linear,500,2024-11-01T15:27:49Z
free_days345678,0.082,0,500,NA,NA,-0.02,0,-0.01,3,linear,500,2024-11-01T15:27:49Z
free_days2345678,0.08,0,500,NA,NA,-0.02,0,-0.01,3,linear,500,2024-11-01T15:27:49Z
ppo_3,0.052,0,500,NA,NA,-0.02,0,-0.01,3,linear,500,2024-11-01T15:27:49Z
ppo_7,0.08,0,500,NA,NA,-0.02,0,-0.01,3,linear,500,2024-11-01T15:27:49Z
ppo_14,0.086,0,500,NA,NA,-0.02,0,-0.01,3,linear,500,2024-11-01T15:27:49Z
ppo_21,0.098,0,500,NA,NA,-0.02,0,-0.01,3,linear,500,2024-11-01T15:27:49Z
ppo_28,0.094,0,500,NA,NA,-0.02,0,-0.01,3,linear,500,2024-11-01T15:27:49Z
cox_prop_state1,0.08,0,500,NA,NA,-0.02,0,-0.01,3,linear,500,2024-11-01T15:27:49Z
cox_spline2_state1,0.072,0,500,NA,NA,-0.02,0,-0.01,3,linear,500,2024-11-01T15:27:49Z
cox_prop_state12,0.08,0,500,NA,NA,-0.02,0,-0.01,3,linear,500,2024-11-01T15:27:49Z
cox_spline2_state12,0.066,0,500,NA,NA,-0.02,0,-0.01,3,linear,500,2024-11-01T15:27:49Z
cox_prop_state123,0.084,0,500,NA,NA,-0.02,0,-0.01,3,linear,500,2024-11-01T15:27:49Z
cox_spline2_state123,0.066,0,500,NA,NA,-0.02,0,-0.01,3,linear,500,2024-11-01T15:27:49Z
otm,0.094,0,100,NA,NA,-0.02,0,-0.02,3,linear,500,2024-10-30T06:38:47Z
otm_rand_int,0.094,0,100,NA,NA,-0.02,0,-0.02,3,linear,500,2024-10-30T06:38:47Z
rand_int,0.604,0,100,NA,NA,-0.02,0,-0.02,3,linear,500,2024-10-30T06:38:47Z
free_days8,0.054,0,100,NA,NA,-0.02,0,-0.02,3,linear,500,2024-10-30T06:38:47Z
free_days78,0.058,0,100,NA,NA,-0.02,0,-0.02,3,linear,500,2024-10-30T06:38:47Z
free_days678,0.058,0,100,NA,NA,-0.02,0,-0.02,3,linear,500,2024-10-30T06:38:47Z
free_days5678,0.06,0,100,NA,NA,-0.02,0,-0.02,3,linear,500,2024-10-30T06:38:47Z
free_days45678,0.088,0,100,NA,NA,-0.02,0,-0.02,3,linear,500,2024-10-30T06:38:47Z
free_days345678,0.088,0,100,NA,NA,-0.02,0,-0.02,3,linear,500,2024-10-30T06:38:47Z
free_days2345678,0.088,0,100,NA,NA,-0.02,0,-0.02,3,linear,500,2024-10-30T06:38:47Z
ppo_3,0.058,0,100,NA,NA,-0.02,0,-0.02,3,linear,500,2024-10-30T06:38:47Z
ppo_7,0.056,0,100,NA,NA,-0.02,0,-0.02,3,linear,500,2024-10-30T06:38:47Z
ppo_14,0.082,0,100,NA,NA,-0.02,0,-0.02,3,linear,500,2024-10-30T06:38:47Z
ppo_21,0.068,0,100,NA,NA,-0.02,0,-0.02,3,linear,500,2024-10-30T06:38:47Z
ppo_28,0.076,0,100,NA,NA,-0.02,0,-0.02,3,linear,500,2024-10-30T06:38:47Z
cox_prop_state1,0.07,0,100,NA,NA,-0.02,0,-0.02,3,linear,500,2024-10-30T06:38:47Z
cox_spline2_state1,0.062,0,100,NA,NA,-0.02,0,-0.02,3,linear,500,2024-10-30T06:38:47Z
cox_prop_state12,0.058,0,100,NA,NA,-0.02,0,-0.02,3,linear,500,2024-10-30T06:38:47Z
cox_spline2_state12,0.06,0,100,NA,NA,-0.02,0,-0.02,3,linear,500,2024-10-30T06:38:47Z
cox_prop_state123,0.048,0,100,NA,NA,-0.02,0,-0.02,3,linear,500,2024-10-30T06:38:47Z
cox_spline2_state123,0.048,0,100,NA,NA,-0.02,0,-0.02,3,linear,500,2024-10-30T06:38:47Z
otm,0.128,0,200,NA,NA,-0.02,0,-0.02,3,linear,500,2024-10-30T14:18:18Z
otm_rand_int,0.118,0,200,NA,NA,-0.02,0,-0.02,3,linear,500,2024-10-30T14:18:18Z
rand_int,0.614,0,200,NA,NA,-0.02,0,-0.02,3,linear,500,2024-10-30T14:18:18Z
free_days8,0.058,0,200,NA,NA,-0.02,0,-0.02,3,linear,500,2024-10-30T14:18:18Z
free_days78,0.066,0,200,NA,NA,-0.02,0,-0.02,3,linear,500,2024-10-30T14:18:18Z
free_days678,0.066,0,200,NA,NA,-0.02,0,-0.02,3,linear,500,2024-10-30T14:18:18Z
free_days5678,0.088,0,200,NA,NA,-0.02,0,-0.02,3,linear,500,2024-10-30T14:18:18Z
free_days45678,0.094,0,200,NA,NA,-0.02,0,-0.02,3,linear,500,2024-10-30T14:18:18Z
free_days345678,0.094,0,200,NA,NA,-0.02,0,-0.02,3,linear,500,2024-10-30T14:18:18Z
free_days2345678,0.1,0,200,NA,NA,-0.02,0,-0.02,3,linear,500,2024-10-30T14:18:18Z
ppo_3,0.046,0,200,NA,NA,-0.02,0,-0.02,3,linear,500,2024-10-30T14:18:18Z
ppo_7,0.066,0,200,NA,NA,-0.02,0,-0.02,3,linear,500,2024-10-30T14:18:18Z
ppo_14,0.07,0,200,NA,NA,-0.02,0,-0.02,3,linear,500,2024-10-30T14:18:18Z
ppo_21,0.076,0,200,NA,NA,-0.02,0,-0.02,3,linear,500,2024-10-30T14:18:18Z
ppo_28,0.104,0,200,NA,NA,-0.02,0,-0.02,3,linear,500,2024-10-30T14:18:18Z
cox_prop_state1,0.088,0,200,NA,NA,-0.02,0,-0.02,3,linear,500,2024-10-30T14:18:18Z
cox_spline2_state1,0.074,0,200,NA,NA,-0.02,0,-0.02,3,linear,500,2024-10-30T14:18:18Z
cox_prop_state12,0.088,0,200,NA,NA,-0.02,0,-0.02,3,linear,500,2024-10-30T14:18:18Z
cox_spline2_state12,0.078,0,200,NA,NA,-0.02,0,-0.02,3,linear,500,2024-10-30T14:18:18Z
cox_prop_state123,0.086,0,200,NA,NA,-0.02,0,-0.02,3,linear,500,2024-10-30T14:18:18Z
cox_spline2_state123,0.084,0,200,NA,NA,-0.02,0,-0.02,3,linear,500,2024-10-30T14:18:18Z
otm,0.178,0,300,NA,NA,-0.02,0,-0.02,3,linear,500,2024-10-31T06:21:07Z
otm_rand_int,0.164,0,300,NA,NA,-0.02,0,-0.02,3,linear,500,2024-10-31T06:21:07Z
rand_int,0.684,0,300,NA,NA,-0.02,0,-0.02,3,linear,500,2024-10-31T06:21:07Z
free_days8,0.072,0,300,NA,NA,-0.02,0,-0.02,3,linear,500,2024-10-31T06:21:07Z
free_days78,0.094,0,300,NA,NA,-0.02,0,-0.02,3,linear,500,2024-10-31T06:21:07Z
free_days678,0.08,0,300,NA,NA,-0.02,0,-0.02,3,linear,500,2024-10-31T06:21:07Z
free_days5678,0.11,0,300,NA,NA,-0.02,0,-0.02,3,linear,500,2024-10-31T06:21:07Z
free_days45678,0.138,0,300,NA,NA,-0.02,0,-0.02,3,linear,500,2024-10-31T06:21:07Z
free_days345678,0.138,0,300,NA,NA,-0.02,0,-0.02,3,linear,500,2024-10-31T06:21:07Z
free_days2345678,0.15,0,300,NA,NA,-0.02,0,-0.02,3,linear,500,2024-10-31T06:21:07Z
ppo_3,0.066,0,300,NA,NA,-0.02,0,-0.02,3,linear,500,2024-10-31T06:21:07Z
ppo_7,0.066,0,300,NA,NA,-0.02,0,-0.02,3,linear,500,2024-10-31T06:21:07Z
ppo_14,0.098,0,300,NA,NA,-0.02,0,-0.02,3,linear,500,2024-10-31T06:21:07Z
ppo_21,0.136,0,300,NA,NA,-0.02,0,-0.02,3,linear,500,2024-10-31T06:21:07Z
ppo_28,0.156,0,300,NA,NA,-0.02,0,-0.02,3,linear,500,2024-10-31T06:21:07Z
cox_prop_state1,0.14,0,300,NA,NA,-0.02,0,-0.02,3,linear,500,2024-10-31T06:21:07Z
cox_spline2_state1,0.122,0,300,NA,NA,-0.02,0,-0.02,3,linear,500,2024-10-31T06:21:07Z
cox_prop_state12,0.128,0,300,NA,NA,-0.02,0,-0.02,3,linear,500,2024-10-31T06:21:07Z
cox_spline2_state12,0.114,0,300,NA,NA,-0.02,0,-0.02,3,linear,500,2024-10-31T06:21:07Z
cox_prop_state123,0.126,0,300,NA,NA,-0.02,0,-0.02,3,linear,500,2024-10-31T06:21:07Z
cox_spline2_state123,0.094,0,300,NA,NA,-0.02,0,-0.02,3,linear,500,2024-10-31T06:21:07Z
otm,0.174,0,400,NA,NA,-0.02,0,-0.02,3,linear,500,2024-10-31T22:09:59Z
otm_rand_int,0.172,0,400,NA,NA,-0.02,0,-0.02,3,linear,500,2024-10-31T22:09:59Z
rand_int,0.674,0,400,NA,NA,-0.02,0,-0.02,3,linear,500,2024-10-31T22:09:59Z
free_days8,0.076,0,400,NA,NA,-0.02,0,-0.02,3,linear,500,2024-10-31T22:09:59Z
free_days78,0.096,0,400,NA,NA,-0.02,0,-0.02,3,linear,500,2024-10-31T22:09:59Z
free_days678,0.108,0,400,NA,NA,-0.02,0,-0.02,3,linear,500,2024-10-31T22:09:59Z
free_days5678,0.134,0,400,NA,NA,-0.02,0,-0.02,3,linear,500,2024-10-31T22:09:59Z
free_days45678,0.148,0,400,NA,NA,-0.02,0,-0.02,3,linear,500,2024-10-31T22:09:59Z
free_days345678,0.142,0,400,NA,NA,-0.02,0,-0.02,3,linear,500,2024-10-31T22:09:59Z
free_days2345678,0.144,0,400,NA,NA,-0.02,0,-0.02,3,linear,500,2024-10-31T22:09:59Z
ppo_3,0.046,0,400,NA,NA,-0.02,0,-0.02,3,linear,500,2024-10-31T22:09:59Z
ppo_7,0.054,0,400,NA,NA,-0.02,0,-0.02,3,linear,500,2024-10-31T22:09:59Z
ppo_14,0.114,0,400,NA,NA,-0.02,0,-0.02,3,linear,500,2024-10-31T22:09:59Z
ppo_21,0.14,0,400,NA,NA,-0.02,0,-0.02,3,linear,500,2024-10-31T22:09:59Z
ppo_28,0.162,0,400,NA,NA,-0.02,0,-0.02,3,linear,500,2024-10-31T22:09:59Z
cox_prop_state1,0.138,0,400,NA,NA,-0.02,0,-0.02,3,linear,500,2024-10-31T22:09:59Z
cox_spline2_state1,0.09,0,400,NA,NA,-0.02,0,-0.02,3,linear,500,2024-10-31T22:09:59Z
cox_prop_state12,0.134,0,400,NA,NA,-0.02,0,-0.02,3,linear,500,2024-10-31T22:09:59Z
cox_spline2_state12,0.102,0,400,NA,NA,-0.02,0,-0.02,3,linear,500,2024-10-31T22:09:59Z
cox_prop_state123,0.12,0,400,NA,NA,-0.02,0,-0.02,3,linear,500,2024-10-31T22:09:59Z
cox_spline2_state123,0.096,0,400,NA,NA,-0.02,0,-0.02,3,linear,500,2024-10-31T22:09:59Z
otm,0.248,0,500,NA,NA,-0.02,0,-0.02,3,linear,500,2024-11-01T16:43:54Z
otm_rand_int,0.242,0,500,NA,NA,-0.02,0,-0.02,3,linear,500,2024-11-01T16:43:54Z
rand_int,0.738,0,500,NA,NA,-0.02,0,-0.02,3,linear,500,2024-11-01T16:43:54Z
free_days8,0.08,0,500,NA,NA,-0.02,0,-0.02,3,linear,500,2024-11-01T16:43:54Z
free_days78,0.084,0,500,NA,NA,-0.02,0,-0.02,3,linear,500,2024-11-01T16:43:54Z
free_days678,0.108,0,500,NA,NA,-0.02,0,-0.02,3,linear,500,2024-11-01T16:43:54Z
free_days5678,0.122,0,500,NA,NA,-0.02,0,-0.02,3,linear,500,2024-11-01T16:43:54Z
free_days45678,0.17,0,500,NA,NA,-0.02,0,-0.02,3,linear,500,2024-11-01T16:43:54Z
free_days345678,0.17,0,500,NA,NA,-0.02,0,-0.02,3,linear,500,2024-11-01T16:43:54Z
free_days2345678,0.172,0,500,NA,NA,-0.02,0,-0.02,3,linear,500,2024-11-01T16:43:54Z
ppo_3,0.064,0,500,NA,NA,-0.02,0,-0.02,3,linear,500,2024-11-01T16:43:54Z
ppo_7,0.07,0,500,NA,NA,-0.02,0,-0.02,3,linear,500,2024-11-01T16:43:54Z
ppo_14,0.13,0,500,NA,NA,-0.02,0,-0.02,3,linear,500,2024-11-01T16:43:54Z
ppo_21,0.168,0,500,NA,NA,-0.02,0,-0.02,3,linear,500,2024-11-01T16:43:54Z
ppo_28,0.202,0,500,NA,NA,-0.02,0,-0.02,3,linear,500,2024-11-01T16:43:54Z
cox_prop_state1,0.166,0,500,NA,NA,-0.02,0,-0.02,3,linear,500,2024-11-01T16:43:54Z
cox_spline2_state1,0.12,0,500,NA,NA,-0.02,0,-0.02,3,linear,500,2024-11-01T16:43:54Z
cox_prop_state12,0.162,0,500,NA,NA,-0.02,0,-0.02,3,linear,500,2024-11-01T16:43:54Z
cox_spline2_state12,0.126,0,500,NA,NA,-0.02,0,-0.02,3,linear,500,2024-11-01T16:43:54Z
cox_prop_state123,0.15,0,500,NA,NA,-0.02,0,-0.02,3,linear,500,2024-11-01T16:43:54Z
cox_spline2_state123,0.13,0,500,NA,NA,-0.02,0,-0.02,3,linear,500,2024-11-01T16:43:54Z
otm,0.056,0,100,NA,NA,-0.02,0,0,7,linear,500,2024-10-30T07:47:15Z
otm_rand_int,0.052,0,100,NA,NA,-0.02,0,0,7,linear,500,2024-10-30T07:47:15Z
rand_int,0.526,0,100,NA,NA,-0.02,0,0,7,linear,500,2024-10-30T07:47:15Z
free_days8,0.058,0,100,NA,NA,-0.02,0,0,7,linear,500,2024-10-30T07:47:15Z
free_days78,0.062,0,100,NA,NA,-0.02,0,0,7,linear,500,2024-10-30T07:47:15Z
free_days678,0.074,0,100,NA,NA,-0.02,0,0,7,linear,500,2024-10-30T07:47:15Z
free_days5678,0.064,0,100,NA,NA,-0.02,0,0,7,linear,500,2024-10-30T07:47:15Z
free_days45678,0.064,0,100,NA,NA,-0.02,0,0,7,linear,500,2024-10-30T07:47:15Z
free_days345678,0.058,0,100,NA,NA,-0.02,0,0,7,linear,500,2024-10-30T07:47:15Z
free_days2345678,0.064,0,100,NA,NA,-0.02,0,0,7,linear,500,2024-10-30T07:47:15Z
ppo_3,0.058,0,100,NA,NA,-0.02,0,0,7,linear,500,2024-10-30T07:47:15Z
ppo_7,0.052,0,100,NA,NA,-0.02,0,0,7,linear,500,2024-10-30T07:47:15Z
ppo_14,0.052,0,100,NA,NA,-0.02,0,0,7,linear,500,2024-10-30T07:47:15Z
ppo_21,0.054,0,100,NA,NA,-0.02,0,0,7,linear,500,2024-10-30T07:47:15Z
ppo_28,0.058,0,100,NA,NA,-0.02,0,0,7,linear,500,2024-10-30T07:47:15Z
cox_prop_state1,0.058,0,100,NA,NA,-0.02,0,0,7,linear,500,2024-10-30T07:47:15Z
cox_spline2_state1,0.048,0,100,NA,NA,-0.02,0,0,7,linear,500,2024-10-30T07:47:15Z
cox_prop_state12,0.058,0,100,NA,NA,-0.02,0,0,7,linear,500,2024-10-30T07:47:15Z
cox_spline2_state12,0.058,0,100,NA,NA,-0.02,0,0,7,linear,500,2024-10-30T07:47:15Z
cox_prop_state123,0.06,0,100,NA,NA,-0.02,0,0,7,linear,500,2024-10-30T07:47:15Z
cox_spline2_state123,0.044,0,100,NA,NA,-0.02,0,0,7,linear,500,2024-10-30T07:47:15Z
otm,0.058,0,200,NA,NA,-0.02,0,0,7,linear,500,2024-10-30T16:11:39Z
otm_rand_int,0.054,0,200,NA,NA,-0.02,0,0,7,linear,500,2024-10-30T16:11:39Z
rand_int,0.552,0,200,NA,NA,-0.02,0,0,7,linear,500,2024-10-30T16:11:39Z
free_days8,0.046,0,200,NA,NA,-0.02,0,0,7,linear,500,2024-10-30T16:11:39Z
free_days78,0.064,0,200,NA,NA,-0.02,0,0,7,linear,500,2024-10-30T16:11:39Z
free_days678,0.066,0,200,NA,NA,-0.02,0,0,7,linear,500,2024-10-30T16:11:39Z
free_days5678,0.056,0,200,NA,NA,-0.02,0,0,7,linear,500,2024-10-30T16:11:39Z
free_days45678,0.058,0,200,NA,NA,-0.02,0,0,7,linear,500,2024-10-30T16:11:39Z
free_days345678,0.058,0,200,NA,NA,-0.02,0,0,7,linear,500,2024-10-30T16:11:39Z
free_days2345678,0.054,0,200,NA,NA,-0.02,0,0,7,linear,500,2024-10-30T16:11:39Z
ppo_3,0.06,0,200,NA,NA,-0.02,0,0,7,linear,500,2024-10-30T16:11:39Z
ppo_7,0.046,0,200,NA,NA,-0.02,0,0,7,linear,500,2024-10-30T16:11:39Z
ppo_14,0.054,0,200,NA,NA,-0.02,0,0,7,linear,500,2024-10-30T16:11:39Z
ppo_21,0.058,0,200,NA,NA,-0.02,0,0,7,linear,500,2024-10-30T16:11:39Z
ppo_28,0.054,0,200,NA,NA,-0.02,0,0,7,linear,500,2024-10-30T16:11:39Z
cox_prop_state1,0.068,0,200,NA,NA,-0.02,0,0,7,linear,500,2024-10-30T16:11:39Z
cox_spline2_state1,0.056,0,200,NA,NA,-0.02,0,0,7,linear,500,2024-10-30T16:11:39Z
cox_prop_state12,0.068,0,200,NA,NA,-0.02,0,0,7,linear,500,2024-10-30T16:11:39Z
cox_spline2_state12,0.048,0,200,NA,NA,-0.02,0,0,7,linear,500,2024-10-30T16:11:39Z
cox_prop_state123,0.07,0,200,NA,NA,-0.02,0,0,7,linear,500,2024-10-30T16:11:39Z
cox_spline2_state123,0.056,0,200,NA,NA,-0.02,0,0,7,linear,500,2024-10-30T16:11:39Z
otm,0.052,0,300,NA,NA,-0.02,0,0,7,linear,500,2024-10-31T06:06:39Z
otm_rand_int,0.05,0,300,NA,NA,-0.02,0,0,7,linear,500,2024-10-31T06:06:39Z
rand_int,0.458,0,300,NA,NA,-0.02,0,0,7,linear,500,2024-10-31T06:06:39Z
free_days8,0.06,0,300,NA,NA,-0.02,0,0,7,linear,500,2024-10-31T06:06:39Z
free_days78,0.06,0,300,NA,NA,-0.02,0,0,7,linear,500,2024-10-31T06:06:39Z
free_days678,0.058,0,300,NA,NA,-0.02,0,0,7,linear,500,2024-10-31T06:06:39Z
free_days5678,0.046,0,300,NA,NA,-0.02,0,0,7,linear,500,2024-10-31T06:06:39Z
free_days45678,0.042,0,300,NA,NA,-0.02,0,0,7,linear,500,2024-10-31T06:06:39Z
free_days345678,0.044,0,300,NA,NA,-0.02,0,0,7,linear,500,2024-10-31T06:06:39Z
free_days2345678,0.046,0,300,NA,NA,-0.02,0,0,7,linear,500,2024-10-31T06:06:39Z
ppo_3,0.046,0,300,NA,NA,-0.02,0,0,7,linear,500,2024-10-31T06:06:39Z
ppo_7,0.052,0,300,NA,NA,-0.02,0,0,7,linear,500,2024-10-31T06:06:39Z
ppo_14,0.044,0,300,NA,NA,-0.02,0,0,7,linear,500,2024-10-31T06:06:39Z
ppo_21,0.048,0,300,NA,NA,-0.02,0,0,7,linear,500,2024-10-31T06:06:39Z
ppo_28,0.058,0,300,NA,NA,-0.02,0,0,7,linear,500,2024-10-31T06:06:39Z
cox_prop_state1,0.044,0,300,NA,NA,-0.02,0,0,7,linear,500,2024-10-31T06:06:39Z
cox_spline2_state1,0.042,0,300,NA,NA,-0.02,0,0,7,linear,500,2024-10-31T06:06:39Z
cox_prop_state12,0.044,0,300,NA,NA,-0.02,0,0,7,linear,500,2024-10-31T06:06:39Z
cox_spline2_state12,0.048,0,300,NA,NA,-0.02,0,0,7,linear,500,2024-10-31T06:06:39Z
cox_prop_state123,0.04,0,300,NA,NA,-0.02,0,0,7,linear,500,2024-10-31T06:06:39Z
cox_spline2_state123,0.046,0,300,NA,NA,-0.02,0,0,7,linear,500,2024-10-31T06:06:39Z
otm,0.058,0,400,NA,NA,-0.02,0,0,7,linear,500,2024-11-01T00:03:23Z
otm_rand_int,0.054,0,400,NA,NA,-0.02,0,0,7,linear,500,2024-11-01T00:03:23Z
rand_int,0.524,0,400,NA,NA,-0.02,0,0,7,linear,500,2024-11-01T00:03:23Z
free_days8,0.054,0,400,NA,NA,-0.02,0,0,7,linear,500,2024-11-01T00:03:23Z
free_days78,0.052,0,400,NA,NA,-0.02,0,0,7,linear,500,2024-11-01T00:03:23Z
free_days678,0.056,0,400,NA,NA,-0.02,0,0,7,linear,500,2024-11-01T00:03:23Z
free_days5678,0.052,0,400,NA,NA,-0.02,0,0,7,linear,500,2024-11-01T00:03:23Z
free_days45678,0.056,0,400,NA,NA,-0.02,0,0,7,linear,500,2024-11-01T00:03:23Z
free_days345678,0.056,0,400,NA,NA,-0.02,0,0,7,linear,500,2024-11-01T00:03:23Z
free_days2345678,0.054,0,400,NA,NA,-0.02,0,0,7,linear,500,2024-11-01T00:03:23Z
ppo_3,0.058,0,400,NA,NA,-0.02,0,0,7,linear,500,2024-11-01T00:03:23Z
ppo_7,0.056,0,400,NA,NA,-0.02,0,0,7,linear,500,2024-11-01T00:03:23Z
ppo_14,0.054,0,400,NA,NA,-0.02,0,0,7,linear,500,2024-11-01T00:03:23Z
ppo_21,0.052,0,400,NA,NA,-0.02,0,0,7,linear,500,2024-11-01T00:03:23Z
ppo_28,0.052,0,400,NA,NA,-0.02,0,0,7,linear,500,2024-11-01T00:03:23Z
cox_prop_state1,0.052,0,400,NA,NA,-0.02,0,0,7,linear,500,2024-11-01T00:03:23Z
cox_spline2_state1,0.026,0,400,NA,NA,-0.02,0,0,7,linear,500,2024-11-01T00:03:23Z
cox_prop_state12,0.056,0,400,NA,NA,-0.02,0,0,7,linear,500,2024-11-01T00:03:23Z
cox_spline2_state12,0.04,0,400,NA,NA,-0.02,0,0,7,linear,500,2024-11-01T00:03:23Z
cox_prop_state123,0.054,0,400,NA,NA,-0.02,0,0,7,linear,500,2024-11-01T00:03:23Z
cox_spline2_state123,0.036,0,400,NA,NA,-0.02,0,0,7,linear,500,2024-11-01T00:03:23Z
otm,0.046,0,100,NA,NA,-0.02,0,0,3,linear,500,2024-10-30T06:31:41Z
otm_rand_int,0.04,0,100,NA,NA,-0.02,0,0,3,linear,500,2024-10-30T06:31:41Z
rand_int,0.522,0,100,NA,NA,-0.02,0,0,3,linear,500,2024-10-30T06:31:41Z
free_days8,0.054,0,100,NA,NA,-0.02,0,0,3,linear,500,2024-10-30T06:31:41Z
free_days78,0.064,0,100,NA,NA,-0.02,0,0,3,linear,500,2024-10-30T06:31:41Z
free_days678,0.062,0,100,NA,NA,-0.02,0,0,3,linear,500,2024-10-30T06:31:41Z
free_days5678,0.06,0,100,NA,NA,-0.02,0,0,3,linear,500,2024-10-30T06:31:41Z
free_days45678,0.064,0,100,NA,NA,-0.02,0,0,3,linear,500,2024-10-30T06:31:41Z
free_days345678,0.062,0,100,NA,NA,-0.02,0,0,3,linear,500,2024-10-30T06:31:41Z
free_days2345678,0.058,0,100,NA,NA,-0.02,0,0,3,linear,500,2024-10-30T06:31:41Z
ppo_3,0.066,0,100,NA,NA,-0.02,0,0,3,linear,500,2024-10-30T06:31:41Z
ppo_7,0.058,0,100,NA,NA,-0.02,0,0,3,linear,500,2024-10-30T06:31:41Z
ppo_14,0.044,0,100,NA,NA,-0.02,0,0,3,linear,500,2024-10-30T06:31:41Z
ppo_21,0.056,0,100,NA,NA,-0.02,0,0,3,linear,500,2024-10-30T06:31:41Z
ppo_28,0.05,0,100,NA,NA,-0.02,0,0,3,linear,500,2024-10-30T06:31:41Z
cox_prop_state1,0.052,0,100,NA,NA,-0.02,0,0,3,linear,500,2024-10-30T06:31:41Z
cox_spline2_state1,0.056,0,100,NA,NA,-0.02,0,0,3,linear,500,2024-10-30T06:31:41Z
cox_prop_state12,0.06,0,100,NA,NA,-0.02,0,0,3,linear,500,2024-10-30T06:31:41Z
cox_spline2_state12,0.062,0,100,NA,NA,-0.02,0,0,3,linear,500,2024-10-30T06:31:41Z
cox_prop_state123,0.048,0,100,NA,NA,-0.02,0,0,3,linear,500,2024-10-30T06:31:41Z
cox_spline2_state123,0.052,0,100,NA,NA,-0.02,0,0,3,linear,500,2024-10-30T06:31:41Z
otm,0.048,0,500,NA,NA,-0.02,0,0,7,linear,500,2024-11-01T21:22:09Z
otm_rand_int,0.046,0,500,NA,NA,-0.02,0,0,7,linear,500,2024-11-01T21:22:09Z
rand_int,0.504,0,500,NA,NA,-0.02,0,0,7,linear,500,2024-11-01T21:22:09Z
free_days8,0.046,0,500,NA,NA,-0.02,0,0,7,linear,500,2024-11-01T21:22:09Z
free_days78,0.038,0,500,NA,NA,-0.02,0,0,7,linear,500,2024-11-01T21:22:09Z
free_days678,0.032,0,500,NA,NA,-0.02,0,0,7,linear,500,2024-11-01T21:22:09Z
free_days5678,0.05,0,500,NA,NA,-0.02,0,0,7,linear,500,2024-11-01T21:22:09Z
free_days45678,0.05,0,500,NA,NA,-0.02,0,0,7,linear,500,2024-11-01T21:22:09Z
free_days345678,0.044,0,500,NA,NA,-0.02,0,0,7,linear,500,2024-11-01T21:22:09Z
free_days2345678,0.042,0,500,NA,NA,-0.02,0,0,7,linear,500,2024-11-01T21:22:09Z
ppo_3,0.052,0,500,NA,NA,-0.02,0,0,7,linear,500,2024-11-01T21:22:09Z
ppo_7,0.052,0,500,NA,NA,-0.02,0,0,7,linear,500,2024-11-01T21:22:09Z
ppo_14,0.034,0,500,NA,NA,-0.02,0,0,7,linear,500,2024-11-01T21:22:09Z
ppo_21,0.032,0,500,NA,NA,-0.02,0,0,7,linear,500,2024-11-01T21:22:09Z
ppo_28,0.056,0,500,NA,NA,-0.02,0,0,7,linear,500,2024-11-01T21:22:09Z
cox_prop_state1,0.054,0,500,NA,NA,-0.02,0,0,7,linear,500,2024-11-01T21:22:09Z
cox_spline2_state1,0.046,0,500,NA,NA,-0.02,0,0,7,linear,500,2024-11-01T21:22:09Z
cox_prop_state12,0.05,0,500,NA,NA,-0.02,0,0,7,linear,500,2024-11-01T21:22:09Z
cox_spline2_state12,0.042,0,500,NA,NA,-0.02,0,0,7,linear,500,2024-11-01T21:22:09Z
cox_prop_state123,0.046,0,500,NA,NA,-0.02,0,0,7,linear,500,2024-11-01T21:22:09Z
cox_spline2_state123,0.052,0,500,NA,NA,-0.02,0,0,7,linear,500,2024-11-01T21:22:09Z
otm,0.094,0,100,NA,NA,-0.02,0,-0.01,7,linear,500,2024-10-30T07:37:59Z
otm_rand_int,0.092,0,100,NA,NA,-0.02,0,-0.01,7,linear,500,2024-10-30T07:37:59Z
rand_int,0.56,0,100,NA,NA,-0.02,0,-0.01,7,linear,500,2024-10-30T07:37:59Z
free_days8,0.074,0,100,NA,NA,-0.02,0,-0.01,7,linear,500,2024-10-30T07:37:59Z
free_days78,0.056,0,100,NA,NA,-0.02,0,-0.01,7,linear,500,2024-10-30T07:37:59Z
free_days678,0.058,0,100,NA,NA,-0.02,0,-0.01,7,linear,500,2024-10-30T07:37:59Z
free_days5678,0.064,0,100,NA,NA,-0.02,0,-0.01,7,linear,500,2024-10-30T07:37:59Z
free_days45678,0.072,0,100,NA,NA,-0.02,0,-0.01,7,linear,500,2024-10-30T07:37:59Z
free_days345678,0.074,0,100,NA,NA,-0.02,0,-0.01,7,linear,500,2024-10-30T07:37:59Z
free_days2345678,0.082,0,100,NA,NA,-0.02,0,-0.01,7,linear,500,2024-10-30T07:37:59Z
ppo_3,0.068,0,100,NA,NA,-0.02,0,-0.01,7,linear,500,2024-10-30T07:37:59Z
ppo_7,0.05,0,100,NA,NA,-0.02,0,-0.01,7,linear,500,2024-10-30T07:37:59Z
ppo_14,0.066,0,100,NA,NA,-0.02,0,-0.01,7,linear,500,2024-10-30T07:37:59Z
ppo_21,0.068,0,100,NA,NA,-0.02,0,-0.01,7,linear,500,2024-10-30T07:37:59Z
ppo_28,0.082,0,100,NA,NA,-0.02,0,-0.01,7,linear,500,2024-10-30T07:37:59Z
cox_prop_state1,0.074,0,100,NA,NA,-0.02,0,-0.01,7,linear,500,2024-10-30T07:37:59Z
cox_spline2_state1,0.052,0,100,NA,NA,-0.02,0,-0.01,7,linear,500,2024-10-30T07:37:59Z
cox_prop_state12,0.07,0,100,NA,NA,-0.02,0,-0.01,7,linear,500,2024-10-30T07:37:59Z
cox_spline2_state12,0.054,0,100,NA,NA,-0.02,0,-0.01,7,linear,500,2024-10-30T07:37:59Z
cox_prop_state123,0.064,0,100,NA,NA,-0.02,0,-0.01,7,linear,500,2024-10-30T07:37:59Z
cox_spline2_state123,0.044,0,100,NA,NA,-0.02,0,-0.01,7,linear,500,2024-10-30T07:37:59Z
otm,0.12,0,200,NA,NA,-0.02,0,-0.01,7,linear,500,2024-10-30T17:31:46Z
otm_rand_int,0.114,0,200,NA,NA,-0.02,0,-0.01,7,linear,500,2024-10-30T17:31:46Z
rand_int,0.644,0,200,NA,NA,-0.02,0,-0.01,7,linear,500,2024-10-30T17:31:46Z
free_days8,0.054,0,200,NA,NA,-0.02,0,-0.01,7,linear,500,2024-10-30T17:31:46Z
free_days78,0.052,0,200,NA,NA,-0.02,0,-0.01,7,linear,500,2024-10-30T17:31:46Z
free_days678,0.054,0,200,NA,NA,-0.02,0,-0.01,7,linear,500,2024-10-30T17:31:46Z
free_days5678,0.066,0,200,NA,NA,-0.02,0,-0.01,7,linear,500,2024-10-30T17:31:46Z
free_days45678,0.066,0,200,NA,NA,-0.02,0,-0.01,7,linear,500,2024-10-30T17:31:46Z
free_days345678,0.066,0,200,NA,NA,-0.02,0,-0.01,7,linear,500,2024-10-30T17:31:46Z
free_days2345678,0.066,0,200,NA,NA,-0.02,0,-0.01,7,linear,500,2024-10-30T17:31:46Z
ppo_3,0.054,0,200,NA,NA,-0.02,0,-0.01,7,linear,500,2024-10-30T17:31:46Z
ppo_7,0.05,0,200,NA,NA,-0.02,0,-0.01,7,linear,500,2024-10-30T17:31:46Z
ppo_14,0.06,0,200,NA,NA,-0.02,0,-0.01,7,linear,500,2024-10-30T17:31:46Z
ppo_21,0.066,0,200,NA,NA,-0.02,0,-0.01,7,linear,500,2024-10-30T17:31:46Z
ppo_28,0.096,0,200,NA,NA,-0.02,0,-0.01,7,linear,500,2024-10-30T17:31:46Z
cox_prop_state1,0.07,0,200,NA,NA,-0.02,0,-0.01,7,linear,500,2024-10-30T17:31:46Z
cox_spline2_state1,0.058,0,200,NA,NA,-0.02,0,-0.01,7,linear,500,2024-10-30T17:31:46Z
cox_prop_state12,0.066,0,200,NA,NA,-0.02,0,-0.01,7,linear,500,2024-10-30T17:31:46Z
cox_spline2_state12,0.06,0,200,NA,NA,-0.02,0,-0.01,7,linear,500,2024-10-30T17:31:46Z
cox_prop_state123,0.064,0,200,NA,NA,-0.02,0,-0.01,7,linear,500,2024-10-30T17:31:46Z
cox_spline2_state123,0.06,0,200,NA,NA,-0.02,0,-0.01,7,linear,500,2024-10-30T17:31:46Z
otm,0.122,0,300,NA,NA,-0.02,0,-0.01,7,linear,500,2024-10-31T07:06:46Z
otm_rand_int,0.122,0,300,NA,NA,-0.02,0,-0.01,7,linear,500,2024-10-31T07:06:46Z
rand_int,0.678,0,300,NA,NA,-0.02,0,-0.01,7,linear,500,2024-10-31T07:06:46Z
free_days8,0.07,0,300,NA,NA,-0.02,0,-0.01,7,linear,500,2024-10-31T07:06:46Z
free_days78,0.078,0,300,NA,NA,-0.02,0,-0.01,7,linear,500,2024-10-31T07:06:46Z
free_days678,0.11,0,300,NA,NA,-0.02,0,-0.01,7,linear,500,2024-10-31T07:06:46Z
free_days5678,0.12,0,300,NA,NA,-0.02,0,-0.01,7,linear,500,2024-10-31T07:06:46Z
free_days45678,0.128,0,300,NA,NA,-0.02,0,-0.01,7,linear,500,2024-10-31T07:06:46Z
free_days345678,0.124,0,300,NA,NA,-0.02,0,-0.01,7,linear,500,2024-10-31T07:06:46Z
free_days2345678,0.134,0,300,NA,NA,-0.02,0,-0.01,7,linear,500,2024-10-31T07:06:46Z
ppo_3,0.054,0,300,NA,NA,-0.02,0,-0.01,7,linear,500,2024-10-31T07:06:46Z
ppo_7,0.068,0,300,NA,NA,-0.02,0,-0.01,7,linear,500,2024-10-31T07:06:46Z
ppo_14,0.102,0,300,NA,NA,-0.02,0,-0.01,7,linear,500,2024-10-31T07:06:46Z
ppo_21,0.12,0,300,NA,NA,-0.02,0,-0.01,7,linear,500,2024-10-31T07:06:46Z
ppo_28,0.118,0,300,NA,NA,-0.02,0,-0.01,7,linear,500,2024-10-31T07:06:46Z
cox_prop_state1,0.112,0,300,NA,NA,-0.02,0,-0.01,7,linear,500,2024-10-31T07:06:46Z
cox_spline2_state1,0.098,0,300,NA,NA,-0.02,0,-0.01,7,linear,500,2024-10-31T07:06:46Z
cox_prop_state12,0.116,0,300,NA,NA,-0.02,0,-0.01,7,linear,500,2024-10-31T07:06:46Z
cox_spline2_state12,0.102,0,300,NA,NA,-0.02,0,-0.01,7,linear,500,2024-10-31T07:06:46Z
cox_prop_state123,0.118,0,300,NA,NA,-0.02,0,-0.01,7,linear,500,2024-10-31T07:06:46Z
cox_spline2_state123,0.086,0,300,NA,NA,-0.02,0,-0.01,7,linear,500,2024-10-31T07:06:46Z
otm,0.19,0,400,NA,NA,-0.02,0,-0.01,7,linear,500,2024-10-31T23:24:43Z
otm_rand_int,0.182,0,400,NA,NA,-0.02,0,-0.01,7,linear,500,2024-10-31T23:24:43Z
rand_int,0.73,0,400,NA,NA,-0.02,0,-0.01,7,linear,500,2024-10-31T23:24:43Z
free_days8,0.058,0,400,NA,NA,-0.02,0,-0.01,7,linear,500,2024-10-31T23:24:43Z
free_days78,0.088,0,400,NA,NA,-0.02,0,-0.01,7,linear,500,2024-10-31T23:24:43Z
free_days678,0.09,0,400,NA,NA,-0.02,0,-0.01,7,linear,500,2024-10-31T23:24:43Z
free_days5678,0.104,0,400,NA,NA,-0.02,0,-0.01,7,linear,500,2024-10-31T23:24:43Z
free_days45678,0.112,0,400,NA,NA,-0.02,0,-0.01,7,linear,500,2024-10-31T23:24:43Z
free_days345678,0.116,0,400,NA,NA,-0.02,0,-0.01,7,linear,500,2024-10-31T23:24:43Z
free_days2345678,0.126,0,400,NA,NA,-0.02,0,-0.01,7,linear,500,2024-10-31T23:24:43Z
ppo_3,0.064,0,400,NA,NA,-0.02,0,-0.01,7,linear,500,2024-10-31T23:24:43Z
ppo_7,0.068,0,400,NA,NA,-0.02,0,-0.01,7,linear,500,2024-10-31T23:24:43Z
ppo_14,0.126,0,400,NA,NA,-0.02,0,-0.01,7,linear,500,2024-10-31T23:24:43Z
ppo_21,0.128,0,400,NA,NA,-0.02,0,-0.01,7,linear,500,2024-10-31T23:24:43Z
ppo_28,0.142,0,400,NA,NA,-0.02,0,-0.01,7,linear,500,2024-10-31T23:24:43Z
cox_prop_state1,0.132,0,400,NA,NA,-0.02,0,-0.01,7,linear,500,2024-10-31T23:24:43Z
cox_spline2_state1,0.09,0,400,NA,NA,-0.02,0,-0.01,7,linear,500,2024-10-31T23:24:43Z
cox_prop_state12,0.128,0,400,NA,NA,-0.02,0,-0.01,7,linear,500,2024-10-31T23:24:43Z
cox_spline2_state12,0.092,0,400,NA,NA,-0.02,0,-0.01,7,linear,500,2024-10-31T23:24:43Z
cox_prop_state123,0.102,0,400,NA,NA,-0.02,0,-0.01,7,linear,500,2024-10-31T23:24:43Z
cox_spline2_state123,0.08,0,400,NA,NA,-0.02,0,-0.01,7,linear,500,2024-10-31T23:24:43Z
otm,0.232,0,500,NA,NA,-0.02,0,-0.01,7,linear,500,2024-11-01T19:08:44Z
otm_rand_int,0.23,0,500,NA,NA,-0.02,0,-0.01,7,linear,500,2024-11-01T19:08:44Z
rand_int,0.78,0,500,NA,NA,-0.02,0,-0.01,7,linear,500,2024-11-01T19:08:44Z
free_days8,0.058,0,500,NA,NA,-0.02,0,-0.01,7,linear,500,2024-11-01T19:08:44Z
free_days78,0.092,0,500,NA,NA,-0.02,0,-0.01,7,linear,500,2024-11-01T19:08:44Z
free_days678,0.084,0,500,NA,NA,-0.02,0,-0.01,7,linear,500,2024-11-01T19:08:44Z
free_days5678,0.114,0,500,NA,NA,-0.02,0,-0.01,7,linear,500,2024-11-01T19:08:44Z
free_days45678,0.128,0,500,NA,NA,-0.02,0,-0.01,7,linear,500,2024-11-01T19:08:44Z
free_days345678,0.128,0,500,NA,NA,-0.02,0,-0.01,7,linear,500,2024-11-01T19:08:44Z
free_days2345678,0.134,0,500,NA,NA,-0.02,0,-0.01,7,linear,500,2024-11-01T19:08:44Z
ppo_3,0.066,0,500,NA,NA,-0.02,0,-0.01,7,linear,500,2024-11-01T19:08:44Z
ppo_7,0.086,0,500,NA,NA,-0.02,0,-0.01,7,linear,500,2024-11-01T19:08:44Z
ppo_14,0.106,0,500,NA,NA,-0.02,0,-0.01,7,linear,500,2024-11-01T19:08:44Z
ppo_21,0.158,0,500,NA,NA,-0.02,0,-0.01,7,linear,500,2024-11-01T19:08:44Z
ppo_28,0.202,0,500,NA,NA,-0.02,0,-0.01,7,linear,500,2024-11-01T19:08:44Z
cox_prop_state1,0.146,0,500,NA,NA,-0.02,0,-0.01,7,linear,500,2024-11-01T19:08:44Z
cox_spline2_state1,0.1,0,500,NA,NA,-0.02,0,-0.01,7,linear,500,2024-11-01T19:08:44Z
cox_prop_state12,0.152,0,500,NA,NA,-0.02,0,-0.01,7,linear,500,2024-11-01T19:08:44Z
cox_spline2_state12,0.102,0,500,NA,NA,-0.02,0,-0.01,7,linear,500,2024-11-01T19:08:44Z
cox_prop_state123,0.144,0,500,NA,NA,-0.02,0,-0.01,7,linear,500,2024-11-01T19:08:44Z
cox_spline2_state123,0.098,0,500,NA,NA,-0.02,0,-0.01,7,linear,500,2024-11-01T19:08:44Z
otm,0.186,0,100,NA,NA,-0.02,0,-0.02,7,linear,500,2024-10-30T08:42:35Z
otm_rand_int,0.178,0,100,NA,NA,-0.02,0,-0.02,7,linear,500,2024-10-30T08:42:35Z
rand_int,0.706,0,100,NA,NA,-0.02,0,-0.02,7,linear,500,2024-10-30T08:42:35Z
free_days8,0.084,0,100,NA,NA,-0.02,0,-0.02,7,linear,500,2024-10-30T08:42:35Z
free_days78,0.078,0,100,NA,NA,-0.02,0,-0.02,7,linear,500,2024-10-30T08:42:35Z
free_days678,0.072,0,100,NA,NA,-0.02,0,-0.02,7,linear,500,2024-10-30T08:42:35Z
free_days5678,0.086,0,100,NA,NA,-0.02,0,-0.02,7,linear,500,2024-10-30T08:42:35Z
free_days45678,0.098,0,100,NA,NA,-0.02,0,-0.02,7,linear,500,2024-10-30T08:42:35Z
free_days345678,0.1,0,100,NA,NA,-0.02,0,-0.02,7,linear,500,2024-10-30T08:42:35Z
free_days2345678,0.11,0,100,NA,NA,-0.02,0,-0.02,7,linear,500,2024-10-30T08:42:35Z
ppo_3,0.048,0,100,NA,NA,-0.02,0,-0.02,7,linear,500,2024-10-30T08:42:35Z
ppo_7,0.06,0,100,NA,NA,-0.02,0,-0.02,7,linear,500,2024-10-30T08:42:35Z
ppo_14,0.086,0,100,NA,NA,-0.02,0,-0.02,7,linear,500,2024-10-30T08:42:35Z
ppo_21,0.136,0,100,NA,NA,-0.02,0,-0.02,7,linear,500,2024-10-30T08:42:35Z
ppo_28,0.148,0,100,NA,NA,-0.02,0,-0.02,7,linear,500,2024-10-30T08:42:35Z
cox_prop_state1,0.106,0,100,NA,NA,-0.02,0,-0.02,7,linear,500,2024-10-30T08:42:35Z
cox_spline2_state1,0.098,0,100,NA,NA,-0.02,0,-0.02,7,linear,500,2024-10-30T08:42:35Z
cox_prop_state12,0.108,0,100,NA,NA,-0.02,0,-0.02,7,linear,500,2024-10-30T08:42:35Z
cox_spline2_state12,0.1,0,100,NA,NA,-0.02,0,-0.02,7,linear,500,2024-10-30T08:42:35Z
cox_prop_state123,0.116,0,100,NA,NA,-0.02,0,-0.02,7,linear,500,2024-10-30T08:42:35Z
cox_spline2_state123,0.1,0,100,NA,NA,-0.02,0,-0.02,7,linear,500,2024-10-30T08:42:35Z
otm,0.342,0,200,NA,NA,-0.02,0,-0.02,7,linear,500,2024-10-30T16:53:11Z
otm_rand_int,0.338,0,200,NA,NA,-0.02,0,-0.02,7,linear,500,2024-10-30T16:53:11Z
rand_int,0.82,0,200,NA,NA,-0.02,0,-0.02,7,linear,500,2024-10-30T16:53:11Z
free_days8,0.104,0,200,NA,NA,-0.02,0,-0.02,7,linear,500,2024-10-30T16:53:11Z
free_days78,0.112,0,200,NA,NA,-0.02,0,-0.02,7,linear,500,2024-10-30T16:53:11Z
free_days678,0.132,0,200,NA,NA,-0.02,0,-0.02,7,linear,500,2024-10-30T16:53:11Z
free_days5678,0.182,0,200,NA,NA,-0.02,0,-0.02,7,linear,500,2024-10-30T16:53:11Z
free_days45678,0.228,0,200,NA,NA,-0.02,0,-0.02,7,linear,500,2024-10-30T16:53:11Z
free_days345678,0.232,0,200,NA,NA,-0.02,0,-0.02,7,linear,500,2024-10-30T16:53:11Z
free_days2345678,0.234,0,200,NA,NA,-0.02,0,-0.02,7,linear,500,2024-10-30T16:53:11Z
ppo_3,0.066,0,200,NA,NA,-0.02,0,-0.02,7,linear,500,2024-10-30T16:53:11Z
ppo_7,0.082,0,200,NA,NA,-0.02,0,-0.02,7,linear,500,2024-10-30T16:53:11Z
ppo_14,0.18,0,200,NA,NA,-0.02,0,-0.02,7,linear,500,2024-10-30T16:53:11Z
ppo_21,0.222,0,200,NA,NA,-0.02,0,-0.02,7,linear,500,2024-10-30T16:53:11Z
ppo_28,0.268,0,200,NA,NA,-0.02,0,-0.02,7,linear,500,2024-10-30T16:53:11Z
cox_prop_state1,0.202,0,200,NA,NA,-0.02,0,-0.02,7,linear,500,2024-10-30T16:53:11Z
cox_spline2_state1,0.152,0,200,NA,NA,-0.02,0,-0.02,7,linear,500,2024-10-30T16:53:11Z
cox_prop_state12,0.214,0,200,NA,NA,-0.02,0,-0.02,7,linear,500,2024-10-30T16:53:11Z
cox_spline2_state12,0.156,0,200,NA,NA,-0.02,0,-0.02,7,linear,500,2024-10-30T16:53:11Z
cox_prop_state123,0.198,0,200,NA,NA,-0.02,0,-0.02,7,linear,500,2024-10-30T16:53:11Z
cox_spline2_state123,0.13,0,200,NA,NA,-0.02,0,-0.02,7,linear,500,2024-10-30T16:53:11Z
otm,0.468,0,300,NA,NA,-0.02,0,-0.02,7,linear,500,2024-10-31T07:15:39Z
otm_rand_int,0.464,0,300,NA,NA,-0.02,0,-0.02,7,linear,500,2024-10-31T07:15:39Z
rand_int,0.866,0,300,NA,NA,-0.02,0,-0.02,7,linear,500,2024-10-31T07:15:39Z
free_days8,0.092,0,300,NA,NA,-0.02,0,-0.02,7,linear,500,2024-10-31T07:15:39Z
free_days78,0.128,0,300,NA,NA,-0.02,0,-0.02,7,linear,500,2024-10-31T07:15:39Z
free_days678,0.126,0,300,NA,NA,-0.02,0,-0.02,7,linear,500,2024-10-31T07:15:39Z
free_days5678,0.168,0,300,NA,NA,-0.02,0,-0.02,7,linear,500,2024-10-31T07:15:39Z
free_days45678,0.21,0,300,NA,NA,-0.02,0,-0.02,7,linear,500,2024-10-31T07:15:39Z
free_days345678,0.224,0,300,NA,NA,-0.02,0,-0.02,7,linear,500,2024-10-31T07:15:39Z
free_days2345678,0.232,0,300,NA,NA,-0.02,0,-0.02,7,linear,500,2024-10-31T07:15:39Z
ppo_3,0.052,0,300,NA,NA,-0.02,0,-0.02,7,linear,500,2024-10-31T07:15:39Z
ppo_7,0.088,0,300,NA,NA,-0.02,0,-0.02,7,linear,500,2024-10-31T07:15:39Z
ppo_14,0.188,0,300,NA,NA,-0.02,0,-0.02,7,linear,500,2024-10-31T07:15:39Z
ppo_21,0.3,0,300,NA,NA,-0.02,0,-0.02,7,linear,500,2024-10-31T07:15:39Z
ppo_28,0.33,0,300,NA,NA,-0.02,0,-0.02,7,linear,500,2024-10-31T07:15:39Z
cox_prop_state1,0.244,0,300,NA,NA,-0.02,0,-0.02,7,linear,500,2024-10-31T07:15:39Z
cox_spline2_state1,0.19,0,300,NA,NA,-0.02,0,-0.02,7,linear,500,2024-10-31T07:15:39Z
cox_prop_state12,0.242,0,300,NA,NA,-0.02,0,-0.02,7,linear,500,2024-10-31T07:15:39Z
cox_spline2_state12,0.188,0,300,NA,NA,-0.02,0,-0.02,7,linear,500,2024-10-31T07:15:39Z
cox_prop_state123,0.22,0,300,NA,NA,-0.02,0,-0.02,7,linear,500,2024-10-31T07:15:39Z
cox_spline2_state123,0.158,0,300,NA,NA,-0.02,0,-0.02,7,linear,500,2024-10-31T07:15:39Z
otm,0.548,0,400,NA,NA,-0.02,0,-0.02,7,linear,500,2024-10-31T23:40:11Z
otm_rand_int,0.538,0,400,NA,NA,-0.02,0,-0.02,7,linear,500,2024-10-31T23:40:11Z
rand_int,0.902,0,400,NA,NA,-0.02,0,-0.02,7,linear,500,2024-10-31T23:40:11Z
free_days8,0.112,0,400,NA,NA,-0.02,0,-0.02,7,linear,500,2024-10-31T23:40:11Z
free_days78,0.144,0,400,NA,NA,-0.02,0,-0.02,7,linear,500,2024-10-31T23:40:11Z
free_days678,0.16,0,400,NA,NA,-0.02,0,-0.02,7,linear,500,2024-10-31T23:40:11Z
free_days5678,0.274,0,400,NA,NA,-0.02,0,-0.02,7,linear,500,2024-10-31T23:40:11Z
free_days45678,0.326,0,400,NA,NA,-0.02,0,-0.02,7,linear,500,2024-10-31T23:40:11Z
free_days345678,0.346,0,400,NA,NA,-0.02,0,-0.02,7,linear,500,2024-10-31T23:40:11Z
free_days2345678,0.35,0,400,NA,NA,-0.02,0,-0.02,7,linear,500,2024-10-31T23:40:11Z
ppo_3,0.048,0,400,NA,NA,-0.02,0,-0.02,7,linear,500,2024-10-31T23:40:11Z
ppo_7,0.1,0,400,NA,NA,-0.02,0,-0.02,7,linear,500,2024-10-31T23:40:11Z
ppo_14,0.244,0,400,NA,NA,-0.02,0,-0.02,7,linear,500,2024-10-31T23:40:11Z
ppo_21,0.358,0,400,NA,NA,-0.02,0,-0.02,7,linear,500,2024-10-31T23:40:11Z
ppo_28,0.418,0,400,NA,NA,-0.02,0,-0.02,7,linear,500,2024-10-31T23:40:11Z
cox_prop_state1,0.336,0,400,NA,NA,-0.02,0,-0.02,7,linear,500,2024-10-31T23:40:11Z
cox_spline2_state1,0.24,0,400,NA,NA,-0.02,0,-0.02,7,linear,500,2024-10-31T23:40:11Z
cox_prop_state12,0.326,0,400,NA,NA,-0.02,0,-0.02,7,linear,500,2024-10-31T23:40:11Z
cox_spline2_state12,0.234,0,400,NA,NA,-0.02,0,-0.02,7,linear,500,2024-10-31T23:40:11Z
cox_prop_state123,0.284,0,400,NA,NA,-0.02,0,-0.02,7,linear,500,2024-10-31T23:40:11Z
cox_spline2_state123,0.212,0,400,NA,NA,-0.02,0,-0.02,7,linear,500,2024-10-31T23:40:11Z
otm,0.034,0,200,NA,NA,-0.02,0,0,3,linear,500,2024-10-30T15:06:02Z
otm_rand_int,0.028,0,200,NA,NA,-0.02,0,0,3,linear,500,2024-10-30T15:06:02Z
rand_int,0.482,0,200,NA,NA,-0.02,0,0,3,linear,500,2024-10-30T15:06:02Z
free_days8,0.054,0,200,NA,NA,-0.02,0,0,3,linear,500,2024-10-30T15:06:02Z
free_days78,0.036,0,200,NA,NA,-0.02,0,0,3,linear,500,2024-10-30T15:06:02Z
free_days678,0.04,0,200,NA,NA,-0.02,0,0,3,linear,500,2024-10-30T15:06:02Z
free_days5678,0.046,0,200,NA,NA,-0.02,0,0,3,linear,500,2024-10-30T15:06:02Z
free_days45678,0.05,0,200,NA,NA,-0.02,0,0,3,linear,500,2024-10-30T15:06:02Z
free_days345678,0.05,0,200,NA,NA,-0.02,0,0,3,linear,500,2024-10-30T15:06:02Z
free_days2345678,0.05,0,200,NA,NA,-0.02,0,0,3,linear,500,2024-10-30T15:06:02Z
ppo_3,0.046,0,200,NA,NA,-0.02,0,0,3,linear,500,2024-10-30T15:06:02Z
ppo_7,0.044,0,200,NA,NA,-0.02,0,0,3,linear,500,2024-10-30T15:06:02Z
ppo_14,0.038,0,200,NA,NA,-0.02,0,0,3,linear,500,2024-10-30T15:06:02Z
ppo_21,0.052,0,200,NA,NA,-0.02,0,0,3,linear,500,2024-10-30T15:06:02Z
ppo_28,0.038,0,200,NA,NA,-0.02,0,0,3,linear,500,2024-10-30T15:06:02Z
cox_prop_state1,0.05,0,200,NA,NA,-0.02,0,0,3,linear,500,2024-10-30T15:06:02Z
cox_spline2_state1,0.044,0,200,NA,NA,-0.02,0,0,3,linear,500,2024-10-30T15:06:02Z
cox_prop_state12,0.048,0,200,NA,NA,-0.02,0,0,3,linear,500,2024-10-30T15:06:02Z
cox_spline2_state12,0.036,0,200,NA,NA,-0.02,0,0,3,linear,500,2024-10-30T15:06:02Z
cox_prop_state123,0.05,0,200,NA,NA,-0.02,0,0,3,linear,500,2024-10-30T15:06:02Z
cox_spline2_state123,0.032,0,200,NA,NA,-0.02,0,0,3,linear,500,2024-10-30T15:06:02Z
otm,0.738,0,500,NA,NA,-0.02,0,-0.02,7,linear,500,2024-11-01T19:28:26Z
otm_rand_int,0.734,0,500,NA,NA,-0.02,0,-0.02,7,linear,500,2024-11-01T19:28:26Z
rand_int,0.954,0,500,NA,NA,-0.02,0,-0.02,7,linear,500,2024-11-01T19:28:26Z
free_days8,0.158,0,500,NA,NA,-0.02,0,-0.02,7,linear,500,2024-11-01T19:28:26Z
free_days78,0.196,0,500,NA,NA,-0.02,0,-0.02,7,linear,500,2024-11-01T19:28:26Z
free_days678,0.194,0,500,NA,NA,-0.02,0,-0.02,7,linear,500,2024-11-01T19:28:26Z
free_days5678,0.308,0,500,NA,NA,-0.02,0,-0.02,7,linear,500,2024-11-01T19:28:26Z
free_days45678,0.396,0,500,NA,NA,-0.02,0,-0.02,7,linear,500,2024-11-01T19:28:26Z
free_days345678,0.408,0,500,NA,NA,-0.02,0,-0.02,7,linear,500,2024-11-01T19:28:26Z
free_days2345678,0.432,0,500,NA,NA,-0.02,0,-0.02,7,linear,500,2024-11-01T19:28:26Z
ppo_3,0.054,0,500,NA,NA,-0.02,0,-0.02,7,linear,500,2024-11-01T19:28:26Z
ppo_7,0.118,0,500,NA,NA,-0.02,0,-0.02,7,linear,500,2024-11-01T19:28:26Z
ppo_14,0.316,0,500,NA,NA,-0.02,0,-0.02,7,linear,500,2024-11-01T19:28:26Z
ppo_21,0.456,0,500,NA,NA,-0.02,0,-0.02,7,linear,500,2024-11-01T19:28:26Z
ppo_28,0.526,0,500,NA,NA,-0.02,0,-0.02,7,linear,500,2024-11-01T19:28:26Z
cox_prop_state1,0.416,0,500,NA,NA,-0.02,0,-0.02,7,linear,500,2024-11-01T19:28:26Z
cox_spline2_state1,0.33,0,500,NA,NA,-0.02,0,-0.02,7,linear,500,2024-11-01T19:28:26Z
cox_prop_state12,0.412,0,500,NA,NA,-0.02,0,-0.02,7,linear,500,2024-11-01T19:28:26Z
cox_spline2_state12,0.31,0,500,NA,NA,-0.02,0,-0.02,7,linear,500,2024-11-01T19:28:26Z
cox_prop_state123,0.366,0,500,NA,NA,-0.02,0,-0.02,7,linear,500,2024-11-01T19:28:26Z
cox_spline2_state123,0.278,0,500,NA,NA,-0.02,0,-0.02,7,linear,500,2024-11-01T19:28:26Z
otm,0.06,0,100,NA,NA,-0.02,0,0,14,linear,500,2024-10-30T08:38:54Z
otm_rand_int,0.06,0,100,NA,NA,-0.02,0,0,14,linear,500,2024-10-30T08:38:54Z
rand_int,0.518,0,100,NA,NA,-0.02,0,0,14,linear,500,2024-10-30T08:38:54Z
free_days8,0.062,0,100,NA,NA,-0.02,0,0,14,linear,500,2024-10-30T08:38:54Z
free_days78,0.052,0,100,NA,NA,-0.02,0,0,14,linear,500,2024-10-30T08:38:54Z
free_days678,0.062,0,100,NA,NA,-0.02,0,0,14,linear,500,2024-10-30T08:38:54Z
free_days5678,0.066,0,100,NA,NA,-0.02,0,0,14,linear,500,2024-10-30T08:38:54Z
free_days45678,0.064,0,100,NA,NA,-0.02,0,0,14,linear,500,2024-10-30T08:38:54Z
free_days345678,0.068,0,100,NA,NA,-0.02,0,0,14,linear,500,2024-10-30T08:38:54Z
free_days2345678,0.074,0,100,NA,NA,-0.02,0,0,14,linear,500,2024-10-30T08:38:54Z
ppo_3,0.058,0,100,NA,NA,-0.02,0,0,14,linear,500,2024-10-30T08:38:54Z
ppo_7,0.048,0,100,NA,NA,-0.02,0,0,14,linear,500,2024-10-30T08:38:54Z
ppo_14,0.058,0,100,NA,NA,-0.02,0,0,14,linear,500,2024-10-30T08:38:54Z
ppo_21,0.044,0,100,NA,NA,-0.02,0,0,14,linear,500,2024-10-30T08:38:54Z
ppo_28,0.054,0,100,NA,NA,-0.02,0,0,14,linear,500,2024-10-30T08:38:54Z
cox_prop_state1,0.054,0,100,NA,NA,-0.02,0,0,14,linear,500,2024-10-30T08:38:54Z
cox_spline2_state1,0.048,0,100,NA,NA,-0.02,0,0,14,linear,500,2024-10-30T08:38:54Z
cox_prop_state12,0.046,0,100,NA,NA,-0.02,0,0,14,linear,500,2024-10-30T08:38:54Z
cox_spline2_state12,0.054,0,100,NA,NA,-0.02,0,0,14,linear,500,2024-10-30T08:38:54Z
cox_prop_state123,0.05,0,100,NA,NA,-0.02,0,0,14,linear,500,2024-10-30T08:38:54Z
cox_spline2_state123,0.06,0,100,NA,NA,-0.02,0,0,14,linear,500,2024-10-30T08:38:54Z
otm,0.054,0,200,NA,NA,-0.02,0,0,14,linear,500,2024-10-30T16:28:54Z
otm_rand_int,0.052,0,200,NA,NA,-0.02,0,0,14,linear,500,2024-10-30T16:28:54Z
rand_int,0.526,0,200,NA,NA,-0.02,0,0,14,linear,500,2024-10-30T16:28:54Z
free_days8,0.048,0,200,NA,NA,-0.02,0,0,14,linear,500,2024-10-30T16:28:54Z
free_days78,0.03,0,200,NA,NA,-0.02,0,0,14,linear,500,2024-10-30T16:28:54Z
free_days678,0.034,0,200,NA,NA,-0.02,0,0,14,linear,500,2024-10-30T16:28:54Z
free_days5678,0.048,0,200,NA,NA,-0.02,0,0,14,linear,500,2024-10-30T16:28:54Z
free_days45678,0.048,0,200,NA,NA,-0.02,0,0,14,linear,500,2024-10-30T16:28:54Z
free_days345678,0.046,0,200,NA,NA,-0.02,0,0,14,linear,500,2024-10-30T16:28:54Z
free_days2345678,0.046,0,200,NA,NA,-0.02,0,0,14,linear,500,2024-10-30T16:28:54Z
ppo_3,0.036,0,200,NA,NA,-0.02,0,0,14,linear,500,2024-10-30T16:28:54Z
ppo_7,0.04,0,200,NA,NA,-0.02,0,0,14,linear,500,2024-10-30T16:28:54Z
ppo_14,0.04,0,200,NA,NA,-0.02,0,0,14,linear,500,2024-10-30T16:28:54Z
ppo_21,0.046,0,200,NA,NA,-0.02,0,0,14,linear,500,2024-10-30T16:28:54Z
ppo_28,0.044,0,200,NA,NA,-0.02,0,0,14,linear,500,2024-10-30T16:28:54Z
cox_prop_state1,0.042,0,200,NA,NA,-0.02,0,0,14,linear,500,2024-10-30T16:28:54Z
cox_spline2_state1,0.05,0,200,NA,NA,-0.02,0,0,14,linear,500,2024-10-30T16:28:54Z
cox_prop_state12,0.038,0,200,NA,NA,-0.02,0,0,14,linear,500,2024-10-30T16:28:54Z
cox_spline2_state12,0.054,0,200,NA,NA,-0.02,0,0,14,linear,500,2024-10-30T16:28:54Z
cox_prop_state123,0.048,0,200,NA,NA,-0.02,0,0,14,linear,500,2024-10-30T16:28:54Z
cox_spline2_state123,0.05,0,200,NA,NA,-0.02,0,0,14,linear,500,2024-10-30T16:28:54Z
otm,0.04,0,300,NA,NA,-0.02,0,0,14,linear,500,2024-10-31T05:36:06Z
otm_rand_int,0.04,0,300,NA,NA,-0.02,0,0,14,linear,500,2024-10-31T05:36:06Z
rand_int,0.492,0,300,NA,NA,-0.02,0,0,14,linear,500,2024-10-31T05:36:06Z
free_days8,0.036,0,300,NA,NA,-0.02,0,0,14,linear,500,2024-10-31T05:36:06Z
free_days78,0.054,0,300,NA,NA,-0.02,0,0,14,linear,500,2024-10-31T05:36:06Z
free_days678,0.056,0,300,NA,NA,-0.02,0,0,14,linear,500,2024-10-31T05:36:06Z
free_days5678,0.05,0,300,NA,NA,-0.02,0,0,14,linear,500,2024-10-31T05:36:06Z
free_days45678,0.042,0,300,NA,NA,-0.02,0,0,14,linear,500,2024-10-31T05:36:06Z
free_days345678,0.046,0,300,NA,NA,-0.02,0,0,14,linear,500,2024-10-31T05:36:06Z
free_days2345678,0.052,0,300,NA,NA,-0.02,0,0,14,linear,500,2024-10-31T05:36:06Z
ppo_3,0.054,0,300,NA,NA,-0.02,0,0,14,linear,500,2024-10-31T05:36:06Z
ppo_7,0.05,0,300,NA,NA,-0.02,0,0,14,linear,500,2024-10-31T05:36:06Z
ppo_14,0.048,0,300,NA,NA,-0.02,0,0,14,linear,500,2024-10-31T05:36:06Z
ppo_21,0.058,0,300,NA,NA,-0.02,0,0,14,linear,500,2024-10-31T05:36:06Z
ppo_28,0.058,0,300,NA,NA,-0.02,0,0,14,linear,500,2024-10-31T05:36:06Z
cox_prop_state1,0.05,0,300,NA,NA,-0.02,0,0,14,linear,500,2024-10-31T05:36:06Z
cox_spline2_state1,0.052,0,300,NA,NA,-0.02,0,0,14,linear,500,2024-10-31T05:36:06Z
cox_prop_state12,0.054,0,300,NA,NA,-0.02,0,0,14,linear,500,2024-10-31T05:36:06Z
cox_spline2_state12,0.044,0,300,NA,NA,-0.02,0,0,14,linear,500,2024-10-31T05:36:06Z
cox_prop_state123,0.05,0,300,NA,NA,-0.02,0,0,14,linear,500,2024-10-31T05:36:06Z
cox_spline2_state123,0.05,0,300,NA,NA,-0.02,0,0,14,linear,500,2024-10-31T05:36:06Z
otm,0.05,0,400,NA,NA,-0.02,0,0,14,linear,500,2024-10-31T21:01:44Z
otm_rand_int,0.048,0,400,NA,NA,-0.02,0,0,14,linear,500,2024-10-31T21:01:44Z
rand_int,0.532,0,400,NA,NA,-0.02,0,0,14,linear,500,2024-10-31T21:01:44Z
free_days8,0.05,0,400,NA,NA,-0.02,0,0,14,linear,500,2024-10-31T21:01:44Z
free_days78,0.056,0,400,NA,NA,-0.02,0,0,14,linear,500,2024-10-31T21:01:44Z
free_days678,0.06,0,400,NA,NA,-0.02,0,0,14,linear,500,2024-10-31T21:01:44Z
free_days5678,0.062,0,400,NA,NA,-0.02,0,0,14,linear,500,2024-10-31T21:01:44Z
free_days45678,0.066,0,400,NA,NA,-0.02,0,0,14,linear,500,2024-10-31T21:01:44Z
free_days345678,0.064,0,400,NA,NA,-0.02,0,0,14,linear,500,2024-10-31T21:01:44Z
free_days2345678,0.062,0,400,NA,NA,-0.02,0,0,14,linear,500,2024-10-31T21:01:44Z
ppo_3,0.068,0,400,NA,NA,-0.02,0,0,14,linear,500,2024-10-31T21:01:44Z
ppo_7,0.064,0,400,NA,NA,-0.02,0,0,14,linear,500,2024-10-31T21:01:44Z
ppo_14,0.058,0,400,NA,NA,-0.02,0,0,14,linear,500,2024-10-31T21:01:44Z
ppo_21,0.05,0,400,NA,NA,-0.02,0,0,14,linear,500,2024-10-31T21:01:44Z
ppo_28,0.044,0,400,NA,NA,-0.02,0,0,14,linear,500,2024-10-31T21:01:44Z
cox_prop_state1,0.06,0,400,NA,NA,-0.02,0,0,14,linear,500,2024-10-31T21:01:44Z
cox_spline2_state1,0.054,0,400,NA,NA,-0.02,0,0,14,linear,500,2024-10-31T21:01:44Z
cox_prop_state12,0.064,0,400,NA,NA,-0.02,0,0,14,linear,500,2024-10-31T21:01:44Z
cox_spline2_state12,0.044,0,400,NA,NA,-0.02,0,0,14,linear,500,2024-10-31T21:01:44Z
cox_prop_state123,0.064,0,400,NA,NA,-0.02,0,0,14,linear,500,2024-10-31T21:01:44Z
cox_spline2_state123,0.066,0,400,NA,NA,-0.02,0,0,14,linear,500,2024-10-31T21:01:44Z
otm,0.044,0,500,NA,NA,-0.02,0,0,14,linear,500,2024-11-01T17:59:57Z
otm_rand_int,0.044,0,500,NA,NA,-0.02,0,0,14,linear,500,2024-11-01T17:59:57Z
rand_int,0.514,0,500,NA,NA,-0.02,0,0,14,linear,500,2024-11-01T17:59:57Z
free_days8,0.056,0,500,NA,NA,-0.02,0,0,14,linear,500,2024-11-01T17:59:57Z
free_days78,0.044,0,500,NA,NA,-0.02,0,0,14,linear,500,2024-11-01T17:59:57Z
free_days678,0.054,0,500,NA,NA,-0.02,0,0,14,linear,500,2024-11-01T17:59:57Z
free_days5678,0.052,0,500,NA,NA,-0.02,0,0,14,linear,500,2024-11-01T17:59:57Z
free_days45678,0.054,0,500,NA,NA,-0.02,0,0,14,linear,500,2024-11-01T17:59:57Z
free_days345678,0.054,0,500,NA,NA,-0.02,0,0,14,linear,500,2024-11-01T17:59:57Z
free_days2345678,0.052,0,500,NA,NA,-0.02,0,0,14,linear,500,2024-11-01T17:59:57Z
ppo_3,0.052,0,500,NA,NA,-0.02,0,0,14,linear,500,2024-11-01T17:59:57Z
ppo_7,0.046,0,500,NA,NA,-0.02,0,0,14,linear,500,2024-11-01T17:59:57Z
ppo_14,0.03,0,500,NA,NA,-0.02,0,0,14,linear,500,2024-11-01T17:59:57Z
ppo_21,0.064,0,500,NA,NA,-0.02,0,0,14,linear,500,2024-11-01T17:59:57Z
ppo_28,0.052,0,500,NA,NA,-0.02,0,0,14,linear,500,2024-11-01T17:59:57Z
cox_prop_state1,0.044,0,500,NA,NA,-0.02,0,0,14,linear,500,2024-11-01T17:59:57Z
cox_spline2_state1,0.034,0,500,NA,NA,-0.02,0,0,14,linear,500,2024-11-01T17:59:57Z
cox_prop_state12,0.048,0,500,NA,NA,-0.02,0,0,14,linear,500,2024-11-01T17:59:57Z
cox_spline2_state12,0.04,0,500,NA,NA,-0.02,0,0,14,linear,500,2024-11-01T17:59:57Z
cox_prop_state123,0.056,0,500,NA,NA,-0.02,0,0,14,linear,500,2024-11-01T17:59:57Z
cox_spline2_state123,0.048,0,500,NA,NA,-0.02,0,0,14,linear,500,2024-11-01T17:59:57Z
otm,0.128,0,100,NA,NA,-0.02,0,-0.01,14,linear,500,2024-10-30T08:45:43Z
otm_rand_int,0.126,0,100,NA,NA,-0.02,0,-0.01,14,linear,500,2024-10-30T08:45:43Z
rand_int,0.656,0,100,NA,NA,-0.02,0,-0.01,14,linear,500,2024-10-30T08:45:43Z
free_days8,0.076,0,100,NA,NA,-0.02,0,-0.01,14,linear,500,2024-10-30T08:45:43Z
free_days78,0.054,0,100,NA,NA,-0.02,0,-0.01,14,linear,500,2024-10-30T08:45:43Z
free_days678,0.068,0,100,NA,NA,-0.02,0,-0.01,14,linear,500,2024-10-30T08:45:43Z
free_days5678,0.072,0,100,NA,NA,-0.02,0,-0.01,14,linear,500,2024-10-30T08:45:43Z
free_days45678,0.078,0,100,NA,NA,-0.02,0,-0.01,14,linear,500,2024-10-30T08:45:43Z
free_days345678,0.086,0,100,NA,NA,-0.02,0,-0.01,14,linear,500,2024-10-30T08:45:43Z
free_days2345678,0.082,0,100,NA,NA,-0.02,0,-0.01,14,linear,500,2024-10-30T08:45:43Z
ppo_3,0.052,0,100,NA,NA,-0.02,0,-0.01,14,linear,500,2024-10-30T08:45:43Z
ppo_7,0.04,0,100,NA,NA,-0.02,0,-0.01,14,linear,500,2024-10-30T08:45:43Z
ppo_14,0.082,0,100,NA,NA,-0.02,0,-0.01,14,linear,500,2024-10-30T08:45:43Z
ppo_21,0.09,0,100,NA,NA,-0.02,0,-0.01,14,linear,500,2024-10-30T08:45:43Z
ppo_28,0.118,0,100,NA,NA,-0.02,0,-0.01,14,linear,500,2024-10-30T08:45:43Z
cox_prop_state1,0.078,0,100,NA,NA,-0.02,0,-0.01,14,linear,500,2024-10-30T08:45:43Z
cox_spline2_state1,0.088,0,100,NA,NA,-0.02,0,-0.01,14,linear,500,2024-10-30T08:45:43Z
cox_prop_state12,0.076,0,100,NA,NA,-0.02,0,-0.01,14,linear,500,2024-10-30T08:45:43Z
cox_spline2_state12,0.086,0,100,NA,NA,-0.02,0,-0.01,14,linear,500,2024-10-30T08:45:43Z
cox_prop_state123,0.07,0,100,NA,NA,-0.02,0,-0.01,14,linear,500,2024-10-30T08:45:43Z
cox_spline2_state123,0.072,0,100,NA,NA,-0.02,0,-0.01,14,linear,500,2024-10-30T08:45:43Z
otm,0.228,0,200,NA,NA,-0.02,0,-0.01,14,linear,500,2024-10-30T17:08:49Z
otm_rand_int,0.222,0,200,NA,NA,-0.02,0,-0.01,14,linear,500,2024-10-30T17:08:49Z
rand_int,0.722,0,200,NA,NA,-0.02,0,-0.01,14,linear,500,2024-10-30T17:08:49Z
free_days8,0.058,0,200,NA,NA,-0.02,0,-0.01,14,linear,500,2024-10-30T17:08:49Z
free_days78,0.084,0,200,NA,NA,-0.02,0,-0.01,14,linear,500,2024-10-30T17:08:49Z
free_days678,0.096,0,200,NA,NA,-0.02,0,-0.01,14,linear,500,2024-10-30T17:08:49Z
free_days5678,0.106,0,200,NA,NA,-0.02,0,-0.01,14,linear,500,2024-10-30T17:08:49Z
free_days45678,0.136,0,200,NA,NA,-0.02,0,-0.01,14,linear,500,2024-10-30T17:08:49Z
free_days345678,0.136,0,200,NA,NA,-0.02,0,-0.01,14,linear,500,2024-10-30T17:08:49Z
free_days2345678,0.144,0,200,NA,NA,-0.02,0,-0.01,14,linear,500,2024-10-30T17:08:49Z
ppo_3,0.068,0,200,NA,NA,-0.02,0,-0.01,14,linear,500,2024-10-30T17:08:49Z
ppo_7,0.066,0,200,NA,NA,-0.02,0,-0.01,14,linear,500,2024-10-30T17:08:49Z
ppo_14,0.098,0,200,NA,NA,-0.02,0,-0.01,14,linear,500,2024-10-30T17:08:49Z
ppo_21,0.152,0,200,NA,NA,-0.02,0,-0.01,14,linear,500,2024-10-30T17:08:49Z
ppo_28,0.182,0,200,NA,NA,-0.02,0,-0.01,14,linear,500,2024-10-30T17:08:49Z
cox_prop_state1,0.132,0,200,NA,NA,-0.02,0,-0.01,14,linear,500,2024-10-30T17:08:49Z
cox_spline2_state1,0.104,0,200,NA,NA,-0.02,0,-0.01,14,linear,500,2024-10-30T17:08:49Z
cox_prop_state12,0.142,0,200,NA,NA,-0.02,0,-0.01,14,linear,500,2024-10-30T17:08:49Z
cox_spline2_state12,0.118,0,200,NA,NA,-0.02,0,-0.01,14,linear,500,2024-10-30T17:08:49Z
cox_prop_state123,0.138,0,200,NA,NA,-0.02,0,-0.01,14,linear,500,2024-10-30T17:08:49Z
cox_spline2_state123,0.1,0,200,NA,NA,-0.02,0,-0.01,14,linear,500,2024-10-30T17:08:49Z
otm,0.288,0,300,NA,NA,-0.02,0,-0.01,14,linear,500,2024-10-31T05:35:03Z
otm_rand_int,0.282,0,300,NA,NA,-0.02,0,-0.01,14,linear,500,2024-10-31T05:35:03Z
rand_int,0.778,0,300,NA,NA,-0.02,0,-0.01,14,linear,500,2024-10-31T05:35:03Z
free_days8,0.066,0,300,NA,NA,-0.02,0,-0.01,14,linear,500,2024-10-31T05:35:03Z
free_days78,0.092,0,300,NA,NA,-0.02,0,-0.01,14,linear,500,2024-10-31T05:35:03Z
free_days678,0.106,0,300,NA,NA,-0.02,0,-0.01,14,linear,500,2024-10-31T05:35:03Z
free_days5678,0.118,0,300,NA,NA,-0.02,0,-0.01,14,linear,500,2024-10-31T05:35:03Z
free_days45678,0.14,0,300,NA,NA,-0.02,0,-0.01,14,linear,500,2024-10-31T05:35:03Z
free_days345678,0.134,0,300,NA,NA,-0.02,0,-0.01,14,linear,500,2024-10-31T05:35:03Z
free_days2345678,0.152,0,300,NA,NA,-0.02,0,-0.01,14,linear,500,2024-10-31T05:35:03Z
ppo_3,0.05,0,300,NA,NA,-0.02,0,-0.01,14,linear,500,2024-10-31T05:35:03Z
ppo_7,0.06,0,300,NA,NA,-0.02,0,-0.01,14,linear,500,2024-10-31T05:35:03Z
ppo_14,0.116,0,300,NA,NA,-0.02,0,-0.01,14,linear,500,2024-10-31T05:35:03Z
ppo_21,0.182,0,300,NA,NA,-0.02,0,-0.01,14,linear,500,2024-10-31T05:35:03Z
ppo_28,0.224,0,300,NA,NA,-0.02,0,-0.01,14,linear,500,2024-10-31T05:35:03Z
cox_prop_state1,0.154,0,300,NA,NA,-0.02,0,-0.01,14,linear,500,2024-10-31T05:35:03Z
cox_spline2_state1,0.13,0,300,NA,NA,-0.02,0,-0.01,14,linear,500,2024-10-31T05:35:03Z
cox_prop_state12,0.144,0,300,NA,NA,-0.02,0,-0.01,14,linear,500,2024-10-31T05:35:03Z
cox_spline2_state12,0.122,0,300,NA,NA,-0.02,0,-0.01,14,linear,500,2024-10-31T05:35:03Z
cox_prop_state123,0.14,0,300,NA,NA,-0.02,0,-0.01,14,linear,500,2024-10-31T05:35:03Z
cox_spline2_state123,0.106,0,300,NA,NA,-0.02,0,-0.01,14,linear,500,2024-10-31T05:35:03Z
otm,0.42,0,400,NA,NA,-0.02,0,-0.01,14,linear,500,2024-10-31T21:35:57Z
otm_rand_int,0.412,0,400,NA,NA,-0.02,0,-0.01,14,linear,500,2024-10-31T21:35:57Z
rand_int,0.862,0,400,NA,NA,-0.02,0,-0.01,14,linear,500,2024-10-31T21:35:57Z
free_days8,0.1,0,400,NA,NA,-0.02,0,-0.01,14,linear,500,2024-10-31T21:35:57Z
free_days78,0.1,0,400,NA,NA,-0.02,0,-0.01,14,linear,500,2024-10-31T21:35:57Z
free_days678,0.108,0,400,NA,NA,-0.02,0,-0.01,14,linear,500,2024-10-31T21:35:57Z
free_days5678,0.148,0,400,NA,NA,-0.02,0,-0.01,14,linear,500,2024-10-31T21:35:57Z
free_days45678,0.194,0,400,NA,NA,-0.02,0,-0.01,14,linear,500,2024-10-31T21:35:57Z
free_days345678,0.194,0,400,NA,NA,-0.02,0,-0.01,14,linear,500,2024-10-31T21:35:57Z
free_days2345678,0.204,0,400,NA,NA,-0.02,0,-0.01,14,linear,500,2024-10-31T21:35:57Z
ppo_3,0.052,0,400,NA,NA,-0.02,0,-0.01,14,linear,500,2024-10-31T21:35:57Z
ppo_7,0.06,0,400,NA,NA,-0.02,0,-0.01,14,linear,500,2024-10-31T21:35:57Z
ppo_14,0.142,0,400,NA,NA,-0.02,0,-0.01,14,linear,500,2024-10-31T21:35:57Z
ppo_21,0.24,0,400,NA,NA,-0.02,0,-0.01,14,linear,500,2024-10-31T21:35:57Z
ppo_28,0.31,0,400,NA,NA,-0.02,0,-0.01,14,linear,500,2024-10-31T21:35:57Z
cox_prop_state1,0.218,0,400,NA,NA,-0.02,0,-0.01,14,linear,500,2024-10-31T21:35:57Z
cox_spline2_state1,0.16,0,400,NA,NA,-0.02,0,-0.01,14,linear,500,2024-10-31T21:35:57Z
cox_prop_state12,0.212,0,400,NA,NA,-0.02,0,-0.01,14,linear,500,2024-10-31T21:35:57Z
cox_spline2_state12,0.154,0,400,NA,NA,-0.02,0,-0.01,14,linear,500,2024-10-31T21:35:57Z
cox_prop_state123,0.2,0,400,NA,NA,-0.02,0,-0.01,14,linear,500,2024-10-31T21:35:57Z
cox_spline2_state123,0.168,0,400,NA,NA,-0.02,0,-0.01,14,linear,500,2024-10-31T21:35:57Z
otm,0.048,0,300,NA,NA,-0.02,0,0,3,linear,500,2024-10-31T03:24:11Z
otm_rand_int,0.042,0,300,NA,NA,-0.02,0,0,3,linear,500,2024-10-31T03:24:11Z
rand_int,0.548,0,300,NA,NA,-0.02,0,0,3,linear,500,2024-10-31T03:24:11Z
free_days8,0.05,0,300,NA,NA,-0.02,0,0,3,linear,500,2024-10-31T03:24:11Z
free_days78,0.034,0,300,NA,NA,-0.02,0,0,3,linear,500,2024-10-31T03:24:11Z
free_days678,0.04,0,300,NA,NA,-0.02,0,0,3,linear,500,2024-10-31T03:24:11Z
free_days5678,0.046,0,300,NA,NA,-0.02,0,0,3,linear,500,2024-10-31T03:24:11Z
free_days45678,0.05,0,300,NA,NA,-0.02,0,0,3,linear,500,2024-10-31T03:24:11Z
free_days345678,0.056,0,300,NA,NA,-0.02,0,0,3,linear,500,2024-10-31T03:24:11Z
free_days2345678,0.06,0,300,NA,NA,-0.02,0,0,3,linear,500,2024-10-31T03:24:11Z
ppo_3,0.05,0,300,NA,NA,-0.02,0,0,3,linear,500,2024-10-31T03:24:11Z
ppo_7,0.06,0,300,NA,NA,-0.02,0,0,3,linear,500,2024-10-31T03:24:11Z
ppo_14,0.05,0,300,NA,NA,-0.02,0,0,3,linear,500,2024-10-31T03:24:11Z
ppo_21,0.048,0,300,NA,NA,-0.02,0,0,3,linear,500,2024-10-31T03:24:11Z
ppo_28,0.048,0,300,NA,NA,-0.02,0,0,3,linear,500,2024-10-31T03:24:11Z
cox_prop_state1,0.052,0,300,NA,NA,-0.02,0,0,3,linear,500,2024-10-31T03:24:11Z
cox_spline2_state1,0.044,0,300,NA,NA,-0.02,0,0,3,linear,500,2024-10-31T03:24:11Z
cox_prop_state12,0.046,0,300,NA,NA,-0.02,0,0,3,linear,500,2024-10-31T03:24:11Z
cox_spline2_state12,0.054,0,300,NA,NA,-0.02,0,0,3,linear,500,2024-10-31T03:24:11Z
cox_prop_state123,0.052,0,300,NA,NA,-0.02,0,0,3,linear,500,2024-10-31T03:24:11Z
cox_spline2_state123,0.05,0,300,NA,NA,-0.02,0,0,3,linear,500,2024-10-31T03:24:11Z
otm,0.506,0,500,NA,NA,-0.02,0,-0.01,14,linear,500,2024-11-01T16:26:19Z
otm_rand_int,0.5,0,500,NA,NA,-0.02,0,-0.01,14,linear,500,2024-11-01T16:26:19Z
rand_int,0.9,0,500,NA,NA,-0.02,0,-0.01,14,linear,500,2024-11-01T16:26:19Z
free_days8,0.072,0,500,NA,NA,-0.02,0,-0.01,14,linear,500,2024-11-01T16:26:19Z
free_days78,0.078,0,500,NA,NA,-0.02,0,-0.01,14,linear,500,2024-11-01T16:26:19Z
free_days678,0.088,0,500,NA,NA,-0.02,0,-0.01,14,linear,500,2024-11-01T16:26:19Z
free_days5678,0.15,0,500,NA,NA,-0.02,0,-0.01,14,linear,500,2024-11-01T16:26:19Z
free_days45678,0.188,0,500,NA,NA,-0.02,0,-0.01,14,linear,500,2024-11-01T16:26:19Z
free_days345678,0.196,0,500,NA,NA,-0.02,0,-0.01,14,linear,500,2024-11-01T16:26:19Z
free_days2345678,0.202,0,500,NA,NA,-0.02,0,-0.01,14,linear,500,2024-11-01T16:26:19Z
ppo_3,0.046,0,500,NA,NA,-0.02,0,-0.01,14,linear,500,2024-11-01T16:26:19Z
ppo_7,0.052,0,500,NA,NA,-0.02,0,-0.01,14,linear,500,2024-11-01T16:26:19Z
ppo_14,0.132,0,500,NA,NA,-0.02,0,-0.01,14,linear,500,2024-11-01T16:26:19Z
ppo_21,0.234,0,500,NA,NA,-0.02,0,-0.01,14,linear,500,2024-11-01T16:26:19Z
ppo_28,0.286,0,500,NA,NA,-0.02,0,-0.01,14,linear,500,2024-11-01T16:26:19Z
cox_prop_state1,0.198,0,500,NA,NA,-0.02,0,-0.01,14,linear,500,2024-11-01T16:26:19Z
cox_spline2_state1,0.158,0,500,NA,NA,-0.02,0,-0.01,14,linear,500,2024-11-01T16:26:19Z
cox_prop_state12,0.19,0,500,NA,NA,-0.02,0,-0.01,14,linear,500,2024-11-01T16:26:19Z
cox_spline2_state12,0.162,0,500,NA,NA,-0.02,0,-0.01,14,linear,500,2024-11-01T16:26:19Z
cox_prop_state123,0.168,0,500,NA,NA,-0.02,0,-0.01,14,linear,500,2024-11-01T16:26:19Z
cox_spline2_state123,0.14,0,500,NA,NA,-0.02,0,-0.01,14,linear,500,2024-11-01T16:26:19Z
otm,0.41,0,100,NA,NA,-0.02,0,-0.02,14,linear,500,2024-10-30T08:40:20Z
otm_rand_int,0.392,0,100,NA,NA,-0.02,0,-0.02,14,linear,500,2024-10-30T08:40:20Z
rand_int,0.852,0,100,NA,NA,-0.02,0,-0.02,14,linear,500,2024-10-30T08:40:20Z
free_days8,0.096,0,100,NA,NA,-0.02,0,-0.02,14,linear,500,2024-10-30T08:40:20Z
free_days78,0.078,0,100,NA,NA,-0.02,0,-0.02,14,linear,500,2024-10-30T08:40:20Z
free_days678,0.088,0,100,NA,NA,-0.02,0,-0.02,14,linear,500,2024-10-30T08:40:20Z
free_days5678,0.14,0,100,NA,NA,-0.02,0,-0.02,14,linear,500,2024-10-30T08:40:20Z
free_days45678,0.152,0,100,NA,NA,-0.02,0,-0.02,14,linear,500,2024-10-30T08:40:20Z
free_days345678,0.168,0,100,NA,NA,-0.02,0,-0.02,14,linear,500,2024-10-30T08:40:20Z
free_days2345678,0.18,0,100,NA,NA,-0.02,0,-0.02,14,linear,500,2024-10-30T08:40:20Z
ppo_3,0.046,0,100,NA,NA,-0.02,0,-0.02,14,linear,500,2024-10-30T08:40:20Z
ppo_7,0.05,0,100,NA,NA,-0.02,0,-0.02,14,linear,500,2024-10-30T08:40:20Z
ppo_14,0.12,0,100,NA,NA,-0.02,0,-0.02,14,linear,500,2024-10-30T08:40:20Z
ppo_21,0.218,0,100,NA,NA,-0.02,0,-0.02,14,linear,500,2024-10-30T08:40:20Z
ppo_28,0.26,0,100,NA,NA,-0.02,0,-0.02,14,linear,500,2024-10-30T08:40:20Z
cox_prop_state1,0.168,0,100,NA,NA,-0.02,0,-0.02,14,linear,500,2024-10-30T08:40:20Z
cox_spline2_state1,0.126,0,100,NA,NA,-0.02,0,-0.02,14,linear,500,2024-10-30T08:40:20Z
cox_prop_state12,0.17,0,100,NA,NA,-0.02,0,-0.02,14,linear,500,2024-10-30T08:40:20Z
cox_spline2_state12,0.13,0,100,NA,NA,-0.02,0,-0.02,14,linear,500,2024-10-30T08:40:20Z
cox_prop_state123,0.136,0,100,NA,NA,-0.02,0,-0.02,14,linear,500,2024-10-30T08:40:20Z
cox_spline2_state123,0.13,0,100,NA,NA,-0.02,0,-0.02,14,linear,500,2024-10-30T08:40:20Z
otm,0.708,0,200,NA,NA,-0.02,0,-0.02,14,linear,500,2024-10-30T16:46:59Z
otm_rand_int,0.702,0,200,NA,NA,-0.02,0,-0.02,14,linear,500,2024-10-30T16:46:59Z
rand_int,0.968,0,200,NA,NA,-0.02,0,-0.02,14,linear,500,2024-10-30T16:46:59Z
free_days8,0.096,0,200,NA,NA,-0.02,0,-0.02,14,linear,500,2024-10-30T16:46:59Z
free_days78,0.116,0,200,NA,NA,-0.02,0,-0.02,14,linear,500,2024-10-30T16:46:59Z
free_days678,0.134,0,200,NA,NA,-0.02,0,-0.02,14,linear,500,2024-10-30T16:46:59Z
free_days5678,0.206,0,200,NA,NA,-0.02,0,-0.02,14,linear,500,2024-10-30T16:46:59Z
free_days45678,0.274,0,200,NA,NA,-0.02,0,-0.02,14,linear,500,2024-10-30T16:46:59Z
free_days345678,0.288,0,200,NA,NA,-0.02,0,-0.02,14,linear,500,2024-10-30T16:46:59Z
free_days2345678,0.308,0,200,NA,NA,-0.02,0,-0.02,14,linear,500,2024-10-30T16:46:59Z
ppo_3,0.054,0,200,NA,NA,-0.02,0,-0.02,14,linear,500,2024-10-30T16:46:59Z
ppo_7,0.066,0,200,NA,NA,-0.02,0,-0.02,14,linear,500,2024-10-30T16:46:59Z
ppo_14,0.194,0,200,NA,NA,-0.02,0,-0.02,14,linear,500,2024-10-30T16:46:59Z
ppo_21,0.37,0,200,NA,NA,-0.02,0,-0.02,14,linear,500,2024-10-30T16:46:59Z
ppo_28,0.48,0,200,NA,NA,-0.02,0,-0.02,14,linear,500,2024-10-30T16:46:59Z
cox_prop_state1,0.31,0,200,NA,NA,-0.02,0,-0.02,14,linear,500,2024-10-30T16:46:59Z
cox_spline2_state1,0.282,0,200,NA,NA,-0.02,0,-0.02,14,linear,500,2024-10-30T16:46:59Z
cox_prop_state12,0.314,0,200,NA,NA,-0.02,0,-0.02,14,linear,500,2024-10-30T16:46:59Z
cox_spline2_state12,0.274,0,200,NA,NA,-0.02,0,-0.02,14,linear,500,2024-10-30T16:46:59Z
cox_prop_state123,0.27,0,200,NA,NA,-0.02,0,-0.02,14,linear,500,2024-10-30T16:46:59Z
cox_spline2_state123,0.238,0,200,NA,NA,-0.02,0,-0.02,14,linear,500,2024-10-30T16:46:59Z
otm,0.884,0,300,NA,NA,-0.02,0,-0.02,14,linear,500,2024-10-31T07:12:36Z
otm_rand_int,0.884,0,300,NA,NA,-0.02,0,-0.02,14,linear,500,2024-10-31T07:12:36Z
rand_int,0.982,0,300,NA,NA,-0.02,0,-0.02,14,linear,500,2024-10-31T07:12:36Z
free_days8,0.188,0,300,NA,NA,-0.02,0,-0.02,14,linear,500,2024-10-31T07:12:36Z
free_days78,0.158,0,300,NA,NA,-0.02,0,-0.02,14,linear,500,2024-10-31T07:12:36Z
free_days678,0.178,0,300,NA,NA,-0.02,0,-0.02,14,linear,500,2024-10-31T07:12:36Z
free_days5678,0.312,0,300,NA,NA,-0.02,0,-0.02,14,linear,500,2024-10-31T07:12:36Z
free_days45678,0.41,0,300,NA,NA,-0.02,0,-0.02,14,linear,500,2024-10-31T07:12:36Z
free_days345678,0.426,0,300,NA,NA,-0.02,0,-0.02,14,linear,500,2024-10-31T07:12:36Z
free_days2345678,0.46,0,300,NA,NA,-0.02,0,-0.02,14,linear,500,2024-10-31T07:12:36Z
ppo_3,0.054,0,300,NA,NA,-0.02,0,-0.02,14,linear,500,2024-10-31T07:12:36Z
ppo_7,0.076,0,300,NA,NA,-0.02,0,-0.02,14,linear,500,2024-10-31T07:12:36Z
ppo_14,0.254,0,300,NA,NA,-0.02,0,-0.02,14,linear,500,2024-10-31T07:12:36Z
ppo_21,0.542,0,300,NA,NA,-0.02,0,-0.02,14,linear,500,2024-10-31T07:12:36Z
ppo_28,0.642,0,300,NA,NA,-0.02,0,-0.02,14,linear,500,2024-10-31T07:12:36Z
cox_prop_state1,0.466,0,300,NA,NA,-0.02,0,-0.02,14,linear,500,2024-10-31T07:12:36Z
cox_spline2_state1,0.414,0,300,NA,NA,-0.02,0,-0.02,14,linear,500,2024-10-31T07:12:36Z
cox_prop_state12,0.466,0,300,NA,NA,-0.02,0,-0.02,14,linear,500,2024-10-31T07:12:36Z
cox_spline2_state12,0.44,0,300,NA,NA,-0.02,0,-0.02,14,linear,500,2024-10-31T07:12:36Z
cox_prop_state123,0.396,0,300,NA,NA,-0.02,0,-0.02,14,linear,500,2024-10-31T07:12:36Z
cox_spline2_state123,0.382,0,300,NA,NA,-0.02,0,-0.02,14,linear,500,2024-10-31T07:12:36Z
otm,0.962,0,400,NA,NA,-0.02,0,-0.02,14,linear,500,2024-10-31T22:34:48Z
otm_rand_int,0.958,0,400,NA,NA,-0.02,0,-0.02,14,linear,500,2024-10-31T22:34:48Z
rand_int,0.996,0,400,NA,NA,-0.02,0,-0.02,14,linear,500,2024-10-31T22:34:48Z
free_days8,0.19,0,400,NA,NA,-0.02,0,-0.02,14,linear,500,2024-10-31T22:34:48Z
free_days78,0.17,0,400,NA,NA,-0.02,0,-0.02,14,linear,500,2024-10-31T22:34:48Z
free_days678,0.198,0,400,NA,NA,-0.02,0,-0.02,14,linear,500,2024-10-31T22:34:48Z
free_days5678,0.362,0,400,NA,NA,-0.02,0,-0.02,14,linear,500,2024-10-31T22:34:48Z
free_days45678,0.468,0,400,NA,NA,-0.02,0,-0.02,14,linear,500,2024-10-31T22:34:48Z
free_days345678,0.488,0,400,NA,NA,-0.02,0,-0.02,14,linear,500,2024-10-31T22:34:48Z
free_days2345678,0.5,0,400,NA,NA,-0.02,0,-0.02,14,linear,500,2024-10-31T22:34:48Z
ppo_3,0.058,0,400,NA,NA,-0.02,0,-0.02,14,linear,500,2024-10-31T22:34:48Z
ppo_7,0.084,0,400,NA,NA,-0.02,0,-0.02,14,linear,500,2024-10-31T22:34:48Z
ppo_14,0.314,0,400,NA,NA,-0.02,0,-0.02,14,linear,500,2024-10-31T22:34:48Z
ppo_21,0.606,0,400,NA,NA,-0.02,0,-0.02,14,linear,500,2024-10-31T22:34:48Z
ppo_28,0.752,0,400,NA,NA,-0.02,0,-0.02,14,linear,500,2024-10-31T22:34:48Z
cox_prop_state1,0.55,0,400,NA,NA,-0.02,0,-0.02,14,linear,500,2024-10-31T22:34:48Z
cox_spline2_state1,0.466,0,400,NA,NA,-0.02,0,-0.02,14,linear,500,2024-10-31T22:34:48Z
cox_prop_state12,0.542,0,400,NA,NA,-0.02,0,-0.02,14,linear,500,2024-10-31T22:34:48Z
cox_spline2_state12,0.49,0,400,NA,NA,-0.02,0,-0.02,14,linear,500,2024-10-31T22:34:48Z
cox_prop_state123,0.468,0,400,NA,NA,-0.02,0,-0.02,14,linear,500,2024-10-31T22:34:48Z
cox_spline2_state123,0.436,0,400,NA,NA,-0.02,0,-0.02,14,linear,500,2024-10-31T22:34:48Z
otm,0.984,0,500,NA,NA,-0.02,0,-0.02,14,linear,500,2024-11-01T18:21:20Z
otm_rand_int,0.984,0,500,NA,NA,-0.02,0,-0.02,14,linear,500,2024-11-01T18:21:20Z
rand_int,0.998,0,500,NA,NA,-0.02,0,-0.02,14,linear,500,2024-11-01T18:21:20Z
free_days8,0.196,0,500,NA,NA,-0.02,0,-0.02,14,linear,500,2024-11-01T18:21:20Z
free_days78,0.242,0,500,NA,NA,-0.02,0,-0.02,14,linear,500,2024-11-01T18:21:20Z
free_days678,0.262,0,500,NA,NA,-0.02,0,-0.02,14,linear,500,2024-11-01T18:21:20Z
free_days5678,0.448,0,500,NA,NA,-0.02,0,-0.02,14,linear,500,2024-11-01T18:21:20Z
free_days45678,0.582,0,500,NA,NA,-0.02,0,-0.02,14,linear,500,2024-11-01T18:21:20Z
free_days345678,0.598,0,500,NA,NA,-0.02,0,-0.02,14,linear,500,2024-11-01T18:21:20Z
free_days2345678,0.638,0,500,NA,NA,-0.02,0,-0.02,14,linear,500,2024-11-01T18:21:20Z
ppo_3,0.05,0,500,NA,NA,-0.02,0,-0.02,14,linear,500,2024-11-01T18:21:20Z
ppo_7,0.098,0,500,NA,NA,-0.02,0,-0.02,14,linear,500,2024-11-01T18:21:20Z
ppo_14,0.418,0,500,NA,NA,-0.02,0,-0.02,14,linear,500,2024-11-01T18:21:20Z
ppo_21,0.74,0,500,NA,NA,-0.02,0,-0.02,14,linear,500,2024-11-01T18:21:20Z
ppo_28,0.828,0,500,NA,NA,-0.02,0,-0.02,14,linear,500,2024-11-01T18:21:20Z
cox_prop_state1,0.632,0,500,NA,NA,-0.02,0,-0.02,14,linear,500,2024-11-01T18:21:20Z
cox_spline2_state1,0.602,0,500,NA,NA,-0.02,0,-0.02,14,linear,500,2024-11-01T18:21:20Z
cox_prop_state12,0.624,0,500,NA,NA,-0.02,0,-0.02,14,linear,500,2024-11-01T18:21:20Z
cox_spline2_state12,0.594,0,500,NA,NA,-0.02,0,-0.02,14,linear,500,2024-11-01T18:21:20Z
cox_prop_state123,0.552,0,500,NA,NA,-0.02,0,-0.02,14,linear,500,2024-11-01T18:21:20Z
cox_spline2_state123,0.532,0,500,NA,NA,-0.02,0,-0.02,14,linear,500,2024-11-01T18:21:20Z
otm,0.048,0,100,NA,NA,-0.02,0,0,28,linear,500,2024-10-30T09:05:24Z
otm_rand_int,0.044,0,100,NA,NA,-0.02,0,0,28,linear,500,2024-10-30T09:05:24Z
rand_int,0.53,0,100,NA,NA,-0.02,0,0,28,linear,500,2024-10-30T09:05:24Z
free_days8,0.046,0,100,NA,NA,-0.02,0,0,28,linear,500,2024-10-30T09:05:24Z
free_days78,0.046,0,100,NA,NA,-0.02,0,0,28,linear,500,2024-10-30T09:05:24Z
free_days678,0.042,0,100,NA,NA,-0.02,0,0,28,linear,500,2024-10-30T09:05:24Z
free_days5678,0.052,0,100,NA,NA,-0.02,0,0,28,linear,500,2024-10-30T09:05:24Z
free_days45678,0.042,0,100,NA,NA,-0.02,0,0,28,linear,500,2024-10-30T09:05:24Z
free_days345678,0.046,0,100,NA,NA,-0.02,0,0,28,linear,500,2024-10-30T09:05:24Z
free_days2345678,0.052,0,100,NA,NA,-0.02,0,0,28,linear,500,2024-10-30T09:05:24Z
ppo_3,0.048,0,100,NA,NA,-0.02,0,0,28,linear,500,2024-10-30T09:05:24Z
ppo_7,0.046,0,100,NA,NA,-0.02,0,0,28,linear,500,2024-10-30T09:05:24Z
ppo_14,0.05,0,100,NA,NA,-0.02,0,0,28,linear,500,2024-10-30T09:05:24Z
ppo_21,0.052,0,100,NA,NA,-0.02,0,0,28,linear,500,2024-10-30T09:05:24Z
ppo_28,0.058,0,100,NA,NA,-0.02,0,0,28,linear,500,2024-10-30T09:05:24Z
cox_prop_state1,0.05,0,100,NA,NA,-0.02,0,0,28,linear,500,2024-10-30T09:05:24Z
cox_spline2_state1,0.058,0,100,NA,NA,-0.02,0,0,28,linear,500,2024-10-30T09:05:24Z
cox_prop_state12,0.042,0,100,NA,NA,-0.02,0,0,28,linear,500,2024-10-30T09:05:24Z
cox_spline2_state12,0.062,0,100,NA,NA,-0.02,0,0,28,linear,500,2024-10-30T09:05:24Z
cox_prop_state123,0.044,0,100,NA,NA,-0.02,0,0,28,linear,500,2024-10-30T09:05:24Z
cox_spline2_state123,0.07,0,100,NA,NA,-0.02,0,0,28,linear,500,2024-10-30T09:05:24Z
otm,0.054,0,200,NA,NA,-0.02,0,0,28,linear,500,2024-10-30T17:25:03Z
otm_rand_int,0.054,0,200,NA,NA,-0.02,0,0,28,linear,500,2024-10-30T17:25:03Z
rand_int,0.536,0,200,NA,NA,-0.02,0,0,28,linear,500,2024-10-30T17:25:03Z
free_days8,0.034,0,200,NA,NA,-0.02,0,0,28,linear,500,2024-10-30T17:25:03Z
free_days78,0.038,0,200,NA,NA,-0.02,0,0,28,linear,500,2024-10-30T17:25:03Z
free_days678,0.042,0,200,NA,NA,-0.02,0,0,28,linear,500,2024-10-30T17:25:03Z
free_days5678,0.032,0,200,NA,NA,-0.02,0,0,28,linear,500,2024-10-30T17:25:03Z
free_days45678,0.048,0,200,NA,NA,-0.02,0,0,28,linear,500,2024-10-30T17:25:03Z
free_days345678,0.04,0,200,NA,NA,-0.02,0,0,28,linear,500,2024-10-30T17:25:03Z
free_days2345678,0.04,0,200,NA,NA,-0.02,0,0,28,linear,500,2024-10-30T17:25:03Z
ppo_3,0.044,0,200,NA,NA,-0.02,0,0,28,linear,500,2024-10-30T17:25:03Z
ppo_7,0.042,0,200,NA,NA,-0.02,0,0,28,linear,500,2024-10-30T17:25:03Z
ppo_14,0.046,0,200,NA,NA,-0.02,0,0,28,linear,500,2024-10-30T17:25:03Z
ppo_21,0.032,0,200,NA,NA,-0.02,0,0,28,linear,500,2024-10-30T17:25:03Z
ppo_28,0.06,0,200,NA,NA,-0.02,0,0,28,linear,500,2024-10-30T17:25:03Z
cox_prop_state1,0.044,0,200,NA,NA,-0.02,0,0,28,linear,500,2024-10-30T17:25:03Z
cox_spline2_state1,0.054,0,200,NA,NA,-0.02,0,0,28,linear,500,2024-10-30T17:25:03Z
cox_prop_state12,0.052,0,200,NA,NA,-0.02,0,0,28,linear,500,2024-10-30T17:25:03Z
cox_spline2_state12,0.048,0,200,NA,NA,-0.02,0,0,28,linear,500,2024-10-30T17:25:03Z
cox_prop_state123,0.032,0,200,NA,NA,-0.02,0,0,28,linear,500,2024-10-30T17:25:03Z
cox_spline2_state123,0.046,0,200,NA,NA,-0.02,0,0,28,linear,500,2024-10-30T17:25:03Z
otm,0.052,0,300,NA,NA,-0.02,0,0,28,linear,500,2024-10-31T07:34:07Z
otm_rand_int,0.046,0,300,NA,NA,-0.02,0,0,28,linear,500,2024-10-31T07:34:07Z
rand_int,0.502,0,300,NA,NA,-0.02,0,0,28,linear,500,2024-10-31T07:34:07Z
free_days8,0.036,0,300,NA,NA,-0.02,0,0,28,linear,500,2024-10-31T07:34:07Z
free_days78,0.042,0,300,NA,NA,-0.02,0,0,28,linear,500,2024-10-31T07:34:07Z
free_days678,0.044,0,300,NA,NA,-0.02,0,0,28,linear,500,2024-10-31T07:34:07Z
free_days5678,0.046,0,300,NA,NA,-0.02,0,0,28,linear,500,2024-10-31T07:34:07Z
free_days45678,0.04,0,300,NA,NA,-0.02,0,0,28,linear,500,2024-10-31T07:34:07Z
free_days345678,0.038,0,300,NA,NA,-0.02,0,0,28,linear,500,2024-10-31T07:34:07Z
free_days2345678,0.038,0,300,NA,NA,-0.02,0,0,28,linear,500,2024-10-31T07:34:07Z
ppo_3,0.05,0,300,NA,NA,-0.02,0,0,28,linear,500,2024-10-31T07:34:07Z
ppo_7,0.038,0,300,NA,NA,-0.02,0,0,28,linear,500,2024-10-31T07:34:07Z
ppo_14,0.05,0,300,NA,NA,-0.02,0,0,28,linear,500,2024-10-31T07:34:07Z
ppo_21,0.038,0,300,NA,NA,-0.02,0,0,28,linear,500,2024-10-31T07:34:07Z
ppo_28,0.038,0,300,NA,NA,-0.02,0,0,28,linear,500,2024-10-31T07:34:07Z
cox_prop_state1,0.038,0,300,NA,NA,-0.02,0,0,28,linear,500,2024-10-31T07:34:07Z
cox_spline2_state1,0.04,0,300,NA,NA,-0.02,0,0,28,linear,500,2024-10-31T07:34:07Z
cox_prop_state12,0.036,0,300,NA,NA,-0.02,0,0,28,linear,500,2024-10-31T07:34:07Z
cox_spline2_state12,0.048,0,300,NA,NA,-0.02,0,0,28,linear,500,2024-10-31T07:34:07Z
cox_prop_state123,0.042,0,300,NA,NA,-0.02,0,0,28,linear,500,2024-10-31T07:34:07Z
cox_spline2_state123,0.052,0,300,NA,NA,-0.02,0,0,28,linear,500,2024-10-31T07:34:07Z
otm,0.042,0,400,NA,NA,-0.02,0,0,28,linear,500,2024-11-01T03:29:14Z
otm_rand_int,0.04,0,400,NA,NA,-0.02,0,0,28,linear,500,2024-11-01T03:29:14Z
rand_int,0.518,0,400,NA,NA,-0.02,0,0,28,linear,500,2024-11-01T03:29:14Z
free_days8,0.032,0,400,NA,NA,-0.02,0,0,28,linear,500,2024-11-01T03:29:14Z
free_days78,0.042,0,400,NA,NA,-0.02,0,0,28,linear,500,2024-11-01T03:29:14Z
free_days678,0.048,0,400,NA,NA,-0.02,0,0,28,linear,500,2024-11-01T03:29:14Z
free_days5678,0.036,0,400,NA,NA,-0.02,0,0,28,linear,500,2024-11-01T03:29:14Z
free_days45678,0.04,0,400,NA,NA,-0.02,0,0,28,linear,500,2024-11-01T03:29:14Z
free_days345678,0.034,0,400,NA,NA,-0.02,0,0,28,linear,500,2024-11-01T03:29:14Z
free_days2345678,0.034,0,400,NA,NA,-0.02,0,0,28,linear,500,2024-11-01T03:29:14Z
ppo_3,0.044,0,400,NA,NA,-0.02,0,0,28,linear,500,2024-11-01T03:29:14Z
ppo_7,0.046,0,400,NA,NA,-0.02,0,0,28,linear,500,2024-11-01T03:29:14Z
ppo_14,0.054,0,400,NA,NA,-0.02,0,0,28,linear,500,2024-11-01T03:29:14Z
ppo_21,0.046,0,400,NA,NA,-0.02,0,0,28,linear,500,2024-11-01T03:29:14Z
ppo_28,0.05,0,400,NA,NA,-0.02,0,0,28,linear,500,2024-11-01T03:29:14Z
cox_prop_state1,0.038,0,400,NA,NA,-0.02,0,0,28,linear,500,2024-11-01T03:29:14Z
cox_spline2_state1,0.052,0,400,NA,NA,-0.02,0,0,28,linear,500,2024-11-01T03:29:14Z
cox_prop_state12,0.046,0,400,NA,NA,-0.02,0,0,28,linear,500,2024-11-01T03:29:14Z
cox_spline2_state12,0.048,0,400,NA,NA,-0.02,0,0,28,linear,500,2024-11-01T03:29:14Z
cox_prop_state123,0.046,0,400,NA,NA,-0.02,0,0,28,linear,500,2024-11-01T03:29:14Z
cox_spline2_state123,0.046,0,400,NA,NA,-0.02,0,0,28,linear,500,2024-11-01T03:29:14Z
otm,0.048,0,400,NA,NA,-0.02,0,0,3,linear,500,2024-11-01T03:02:15Z
otm_rand_int,0.048,0,400,NA,NA,-0.02,0,0,3,linear,500,2024-11-01T03:02:15Z
rand_int,0.496,0,400,NA,NA,-0.02,0,0,3,linear,500,2024-11-01T03:02:15Z
free_days8,0.07,0,400,NA,NA,-0.02,0,0,3,linear,500,2024-11-01T03:02:15Z
free_days78,0.044,0,400,NA,NA,-0.02,0,0,3,linear,500,2024-11-01T03:02:15Z
free_days678,0.046,0,400,NA,NA,-0.02,0,0,3,linear,500,2024-11-01T03:02:15Z
free_days5678,0.036,0,400,NA,NA,-0.02,0,0,3,linear,500,2024-11-01T03:02:15Z
free_days45678,0.038,0,400,NA,NA,-0.02,0,0,3,linear,500,2024-11-01T03:02:15Z
free_days345678,0.04,0,400,NA,NA,-0.02,0,0,3,linear,500,2024-11-01T03:02:15Z
free_days2345678,0.04,0,400,NA,NA,-0.02,0,0,3,linear,500,2024-11-01T03:02:15Z
ppo_3,0.032,0,400,NA,NA,-0.02,0,0,3,linear,500,2024-11-01T03:02:15Z
ppo_7,0.04,0,400,NA,NA,-0.02,0,0,3,linear,500,2024-11-01T03:02:15Z
ppo_14,0.052,0,400,NA,NA,-0.02,0,0,3,linear,500,2024-11-01T03:02:15Z
ppo_21,0.05,0,400,NA,NA,-0.02,0,0,3,linear,500,2024-11-01T03:02:15Z
ppo_28,0.064,0,400,NA,NA,-0.02,0,0,3,linear,500,2024-11-01T03:02:15Z
cox_prop_state1,0.046,0,400,NA,NA,-0.02,0,0,3,linear,500,2024-11-01T03:02:15Z
cox_spline2_state1,0.068,0,400,NA,NA,-0.02,0,0,3,linear,500,2024-11-01T03:02:15Z
cox_prop_state12,0.04,0,400,NA,NA,-0.02,0,0,3,linear,500,2024-11-01T03:02:15Z
cox_spline2_state12,0.064,0,400,NA,NA,-0.02,0,0,3,linear,500,2024-11-01T03:02:15Z
cox_prop_state123,0.04,0,400,NA,NA,-0.02,0,0,3,linear,500,2024-11-01T03:02:15Z
cox_spline2_state123,0.04,0,400,NA,NA,-0.02,0,0,3,linear,500,2024-11-01T03:02:15Z
otm,0.048,0,500,NA,NA,-0.02,0,0,28,linear,500,2024-11-01T16:11:09Z
otm_rand_int,0.046,0,500,NA,NA,-0.02,0,0,28,linear,500,2024-11-01T16:11:09Z
rand_int,0.518,0,500,NA,NA,-0.02,0,0,28,linear,500,2024-11-01T16:11:09Z
free_days8,0.034,0,500,NA,NA,-0.02,0,0,28,linear,500,2024-11-01T16:11:09Z
free_days78,0.052,0,500,NA,NA,-0.02,0,0,28,linear,500,2024-11-01T16:11:09Z
free_days678,0.044,0,500,NA,NA,-0.02,0,0,28,linear,500,2024-11-01T16:11:09Z
free_days5678,0.046,0,500,NA,NA,-0.02,0,0,28,linear,500,2024-11-01T16:11:09Z
free_days45678,0.054,0,500,NA,NA,-0.02,0,0,28,linear,500,2024-11-01T16:11:09Z
free_days345678,0.05,0,500,NA,NA,-0.02,0,0,28,linear,500,2024-11-01T16:11:09Z
free_days2345678,0.052,0,500,NA,NA,-0.02,0,0,28,linear,500,2024-11-01T16:11:09Z
ppo_3,0.062,0,500,NA,NA,-0.02,0,0,28,linear,500,2024-11-01T16:11:09Z
ppo_7,0.06,0,500,NA,NA,-0.02,0,0,28,linear,500,2024-11-01T16:11:09Z
ppo_14,0.044,0,500,NA,NA,-0.02,0,0,28,linear,500,2024-11-01T16:11:09Z
ppo_21,0.042,0,500,NA,NA,-0.02,0,0,28,linear,500,2024-11-01T16:11:09Z
ppo_28,0.032,0,500,NA,NA,-0.02,0,0,28,linear,500,2024-11-01T16:11:09Z
cox_prop_state1,0.056,0,500,NA,NA,-0.02,0,0,28,linear,500,2024-11-01T16:11:09Z
cox_spline2_state1,0.042,0,500,NA,NA,-0.02,0,0,28,linear,500,2024-11-01T16:11:09Z
cox_prop_state12,0.05,0,500,NA,NA,-0.02,0,0,28,linear,500,2024-11-01T16:11:09Z
cox_spline2_state12,0.056,0,500,NA,NA,-0.02,0,0,28,linear,500,2024-11-01T16:11:09Z
cox_prop_state123,0.054,0,500,NA,NA,-0.02,0,0,28,linear,500,2024-11-01T16:11:09Z
cox_spline2_state123,0.038,0,500,NA,NA,-0.02,0,0,28,linear,500,2024-11-01T16:11:09Z
otm,0.216,0,100,NA,NA,-0.02,0,-0.01,28,linear,500,2024-10-30T09:20:45Z
otm_rand_int,0.212,0,100,NA,NA,-0.02,0,-0.01,28,linear,500,2024-10-30T09:20:45Z
rand_int,0.688,0,100,NA,NA,-0.02,0,-0.01,28,linear,500,2024-10-30T09:20:45Z
free_days8,0.08,0,100,NA,NA,-0.02,0,-0.01,28,linear,500,2024-10-30T09:20:45Z
free_days78,0.078,0,100,NA,NA,-0.02,0,-0.01,28,linear,500,2024-10-30T09:20:45Z
free_days678,0.064,0,100,NA,NA,-0.02,0,-0.01,28,linear,500,2024-10-30T09:20:45Z
free_days5678,0.094,0,100,NA,NA,-0.02,0,-0.01,28,linear,500,2024-10-30T09:20:45Z
free_days45678,0.096,0,100,NA,NA,-0.02,0,-0.01,28,linear,500,2024-10-30T09:20:45Z
free_days345678,0.1,0,100,NA,NA,-0.02,0,-0.01,28,linear,500,2024-10-30T09:20:45Z
free_days2345678,0.104,0,100,NA,NA,-0.02,0,-0.01,28,linear,500,2024-10-30T09:20:45Z
ppo_3,0.058,0,100,NA,NA,-0.02,0,-0.01,28,linear,500,2024-10-30T09:20:45Z
ppo_7,0.062,0,100,NA,NA,-0.02,0,-0.01,28,linear,500,2024-10-30T09:20:45Z
ppo_14,0.086,0,100,NA,NA,-0.02,0,-0.01,28,linear,500,2024-10-30T09:20:45Z
ppo_21,0.094,0,100,NA,NA,-0.02,0,-0.01,28,linear,500,2024-10-30T09:20:45Z
ppo_28,0.154,0,100,NA,NA,-0.02,0,-0.01,28,linear,500,2024-10-30T09:20:45Z
cox_prop_state1,0.086,0,100,NA,NA,-0.02,0,-0.01,28,linear,500,2024-10-30T09:20:45Z
cox_spline2_state1,0.086,0,100,NA,NA,-0.02,0,-0.01,28,linear,500,2024-10-30T09:20:45Z
cox_prop_state12,0.086,0,100,NA,NA,-0.02,0,-0.01,28,linear,500,2024-10-30T09:20:45Z
cox_spline2_state12,0.086,0,100,NA,NA,-0.02,0,-0.01,28,linear,500,2024-10-30T09:20:45Z
cox_prop_state123,0.088,0,100,NA,NA,-0.02,0,-0.01,28,linear,500,2024-10-30T09:20:45Z
cox_spline2_state123,0.076,0,100,NA,NA,-0.02,0,-0.01,28,linear,500,2024-10-30T09:20:45Z
otm,0.394,0,200,NA,NA,-0.02,0,-0.01,28,linear,500,2024-10-30T19:12:33Z
otm_rand_int,0.378,0,200,NA,NA,-0.02,0,-0.01,28,linear,500,2024-10-30T19:12:33Z
rand_int,0.8,0,200,NA,NA,-0.02,0,-0.01,28,linear,500,2024-10-30T19:12:33Z
free_days8,0.084,0,200,NA,NA,-0.02,0,-0.01,28,linear,500,2024-10-30T19:12:33Z
free_days78,0.06,0,200,NA,NA,-0.02,0,-0.01,28,linear,500,2024-10-30T19:12:33Z
free_days678,0.064,0,200,NA,NA,-0.02,0,-0.01,28,linear,500,2024-10-30T19:12:33Z
free_days5678,0.1,0,200,NA,NA,-0.02,0,-0.01,28,linear,500,2024-10-30T19:12:33Z
free_days45678,0.122,0,200,NA,NA,-0.02,0,-0.01,28,linear,500,2024-10-30T19:12:33Z
free_days345678,0.128,0,200,NA,NA,-0.02,0,-0.01,28,linear,500,2024-10-30T19:12:33Z
free_days2345678,0.136,0,200,NA,NA,-0.02,0,-0.01,28,linear,500,2024-10-30T19:12:33Z
ppo_3,0.044,0,200,NA,NA,-0.02,0,-0.01,28,linear,500,2024-10-30T19:12:33Z
ppo_7,0.054,0,200,NA,NA,-0.02,0,-0.01,28,linear,500,2024-10-30T19:12:33Z
ppo_14,0.084,0,200,NA,NA,-0.02,0,-0.01,28,linear,500,2024-10-30T19:12:33Z
ppo_21,0.14,0,200,NA,NA,-0.02,0,-0.01,28,linear,500,2024-10-30T19:12:33Z
ppo_28,0.208,0,200,NA,NA,-0.02,0,-0.01,28,linear,500,2024-10-30T19:12:33Z
cox_prop_state1,0.154,0,200,NA,NA,-0.02,0,-0.01,28,linear,500,2024-10-30T19:12:33Z
cox_spline2_state1,0.128,0,200,NA,NA,-0.02,0,-0.01,28,linear,500,2024-10-30T19:12:33Z
cox_prop_state12,0.146,0,200,NA,NA,-0.02,0,-0.01,28,linear,500,2024-10-30T19:12:33Z
cox_spline2_state12,0.126,0,200,NA,NA,-0.02,0,-0.01,28,linear,500,2024-10-30T19:12:33Z
cox_prop_state123,0.118,0,200,NA,NA,-0.02,0,-0.01,28,linear,500,2024-10-30T19:12:33Z
cox_spline2_state123,0.112,0,200,NA,NA,-0.02,0,-0.01,28,linear,500,2024-10-30T19:12:33Z
otm,0.486,0,300,NA,NA,-0.02,0,-0.01,28,linear,500,2024-10-31T09:20:38Z
otm_rand_int,0.484,0,300,NA,NA,-0.02,0,-0.01,28,linear,500,2024-10-31T09:20:38Z
rand_int,0.888,0,300,NA,NA,-0.02,0,-0.01,28,linear,500,2024-10-31T09:20:38Z
free_days8,0.116,0,300,NA,NA,-0.02,0,-0.01,28,linear,500,2024-10-31T09:20:38Z
free_days78,0.092,0,300,NA,NA,-0.02,0,-0.01,28,linear,500,2024-10-31T09:20:38Z
free_days678,0.096,0,300,NA,NA,-0.02,0,-0.01,28,linear,500,2024-10-31T09:20:38Z
free_days5678,0.114,0,300,NA,NA,-0.02,0,-0.01,28,linear,500,2024-10-31T09:20:38Z
free_days45678,0.144,0,300,NA,NA,-0.02,0,-0.01,28,linear,500,2024-10-31T09:20:38Z
free_days345678,0.15,0,300,NA,NA,-0.02,0,-0.01,28,linear,500,2024-10-31T09:20:38Z
free_days2345678,0.166,0,300,NA,NA,-0.02,0,-0.01,28,linear,500,2024-10-31T09:20:38Z
ppo_3,0.052,0,300,NA,NA,-0.02,0,-0.01,28,linear,500,2024-10-31T09:20:38Z
ppo_7,0.066,0,300,NA,NA,-0.02,0,-0.01,28,linear,500,2024-10-31T09:20:38Z
ppo_14,0.108,0,300,NA,NA,-0.02,0,-0.01,28,linear,500,2024-10-31T09:20:38Z
ppo_21,0.212,0,300,NA,NA,-0.02,0,-0.01,28,linear,500,2024-10-31T09:20:38Z
ppo_28,0.306,0,300,NA,NA,-0.02,0,-0.01,28,linear,500,2024-10-31T09:20:38Z
cox_prop_state1,0.164,0,300,NA,NA,-0.02,0,-0.01,28,linear,500,2024-10-31T09:20:38Z
cox_spline2_state1,0.17,0,300,NA,NA,-0.02,0,-0.01,28,linear,500,2024-10-31T09:20:38Z
cox_prop_state12,0.162,0,300,NA,NA,-0.02,0,-0.01,28,linear,500,2024-10-31T09:20:38Z
cox_spline2_state12,0.19,0,300,NA,NA,-0.02,0,-0.01,28,linear,500,2024-10-31T09:20:38Z
cox_prop_state123,0.148,0,300,NA,NA,-0.02,0,-0.01,28,linear,500,2024-10-31T09:20:38Z
cox_spline2_state123,0.162,0,300,NA,NA,-0.02,0,-0.01,28,linear,500,2024-10-31T09:20:38Z
otm,0.626,0,400,NA,NA,-0.02,0,-0.01,28,linear,500,2024-11-01T00:35:37Z
otm_rand_int,0.616,0,400,NA,NA,-0.02,0,-0.01,28,linear,500,2024-11-01T00:35:37Z
rand_int,0.908,0,400,NA,NA,-0.02,0,-0.01,28,linear,500,2024-11-01T00:35:37Z
free_days8,0.074,0,400,NA,NA,-0.02,0,-0.01,28,linear,500,2024-11-01T00:35:37Z
free_days78,0.082,0,400,NA,NA,-0.02,0,-0.01,28,linear,500,2024-11-01T00:35:37Z
free_days678,0.096,0,400,NA,NA,-0.02,0,-0.01,28,linear,500,2024-11-01T00:35:37Z
free_days5678,0.138,0,400,NA,NA,-0.02,0,-0.01,28,linear,500,2024-11-01T00:35:37Z
free_days45678,0.178,0,400,NA,NA,-0.02,0,-0.01,28,linear,500,2024-11-01T00:35:37Z
free_days345678,0.188,0,400,NA,NA,-0.02,0,-0.01,28,linear,500,2024-11-01T00:35:37Z
free_days2345678,0.208,0,400,NA,NA,-0.02,0,-0.01,28,linear,500,2024-11-01T00:35:37Z
ppo_3,0.038,0,400,NA,NA,-0.02,0,-0.01,28,linear,500,2024-11-01T00:35:37Z
ppo_7,0.036,0,400,NA,NA,-0.02,0,-0.01,28,linear,500,2024-11-01T00:35:37Z
ppo_14,0.098,0,400,NA,NA,-0.02,0,-0.01,28,linear,500,2024-11-01T00:35:37Z
ppo_21,0.232,0,400,NA,NA,-0.02,0,-0.01,28,linear,500,2024-11-01T00:35:37Z
ppo_28,0.4,0,400,NA,NA,-0.02,0,-0.01,28,linear,500,2024-11-01T00:35:37Z
cox_prop_state1,0.228,0,400,NA,NA,-0.02,0,-0.01,28,linear,500,2024-11-01T00:35:37Z
cox_spline2_state1,0.192,0,400,NA,NA,-0.02,0,-0.01,28,linear,500,2024-11-01T00:35:37Z
cox_prop_state12,0.23,0,400,NA,NA,-0.02,0,-0.01,28,linear,500,2024-11-01T00:35:37Z
cox_spline2_state12,0.182,0,400,NA,NA,-0.02,0,-0.01,28,linear,500,2024-11-01T00:35:37Z
cox_prop_state123,0.186,0,400,NA,NA,-0.02,0,-0.01,28,linear,500,2024-11-01T00:35:37Z
cox_spline2_state123,0.164,0,400,NA,NA,-0.02,0,-0.01,28,linear,500,2024-11-01T00:35:37Z
otm,0.758,0,500,NA,NA,-0.02,0,-0.01,28,linear,500,2024-11-01T20:29:39Z
otm_rand_int,0.75,0,500,NA,NA,-0.02,0,-0.01,28,linear,500,2024-11-01T20:29:39Z
rand_int,0.958,0,500,NA,NA,-0.02,0,-0.01,28,linear,500,2024-11-01T20:29:39Z
free_days8,0.144,0,500,NA,NA,-0.02,0,-0.01,28,linear,500,2024-11-01T20:29:39Z
free_days78,0.126,0,500,NA,NA,-0.02,0,-0.01,28,linear,500,2024-11-01T20:29:39Z
free_days678,0.128,0,500,NA,NA,-0.02,0,-0.01,28,linear,500,2024-11-01T20:29:39Z
free_days5678,0.18,0,500,NA,NA,-0.02,0,-0.01,28,linear,500,2024-11-01T20:29:39Z
free_days45678,0.242,0,500,NA,NA,-0.02,0,-0.01,28,linear,500,2024-11-01T20:29:39Z
free_days345678,0.258,0,500,NA,NA,-0.02,0,-0.01,28,linear,500,2024-11-01T20:29:39Z
free_days2345678,0.282,0,500,NA,NA,-0.02,0,-0.01,28,linear,500,2024-11-01T20:29:39Z
ppo_3,0.06,0,500,NA,NA,-0.02,0,-0.01,28,linear,500,2024-11-01T20:29:39Z
ppo_7,0.07,0,500,NA,NA,-0.02,0,-0.01,28,linear,500,2024-11-01T20:29:39Z
ppo_14,0.136,0,500,NA,NA,-0.02,0,-0.01,28,linear,500,2024-11-01T20:29:39Z
ppo_21,0.322,0,500,NA,NA,-0.02,0,-0.01,28,linear,500,2024-11-01T20:29:39Z
ppo_28,0.552,0,500,NA,NA,-0.02,0,-0.01,28,linear,500,2024-11-01T20:29:39Z
cox_prop_state1,0.29,0,500,NA,NA,-0.02,0,-0.01,28,linear,500,2024-11-01T20:29:39Z
cox_spline2_state1,0.25,0,500,NA,NA,-0.02,0,-0.01,28,linear,500,2024-11-01T20:29:39Z
cox_prop_state12,0.294,0,500,NA,NA,-0.02,0,-0.01,28,linear,500,2024-11-01T20:29:39Z
cox_spline2_state12,0.246,0,500,NA,NA,-0.02,0,-0.01,28,linear,500,2024-11-01T20:29:39Z
cox_prop_state123,0.252,0,500,NA,NA,-0.02,0,-0.01,28,linear,500,2024-11-01T20:29:39Z
cox_spline2_state123,0.218,0,500,NA,NA,-0.02,0,-0.01,28,linear,500,2024-11-01T20:29:39Z
otm,0.62,0,100,NA,NA,-0.02,0,-0.02,28,linear,500,2024-10-30T09:40:06Z
otm_rand_int,0.608,0,100,NA,NA,-0.02,0,-0.02,28,linear,500,2024-10-30T09:40:06Z
rand_int,0.9,0,100,NA,NA,-0.02,0,-0.02,28,linear,500,2024-10-30T09:40:06Z
free_days8,0.086,0,100,NA,NA,-0.02,0,-0.02,28,linear,500,2024-10-30T09:40:06Z
free_days78,0.08,0,100,NA,NA,-0.02,0,-0.02,28,linear,500,2024-10-30T09:40:06Z
free_days678,0.094,0,100,NA,NA,-0.02,0,-0.02,28,linear,500,2024-10-30T09:40:06Z
free_days5678,0.146,0,100,NA,NA,-0.02,0,-0.02,28,linear,500,2024-10-30T09:40:06Z
free_days45678,0.2,0,100,NA,NA,-0.02,0,-0.02,28,linear,500,2024-10-30T09:40:06Z
free_days345678,0.204,0,100,NA,NA,-0.02,0,-0.02,28,linear,500,2024-10-30T09:40:06Z
free_days2345678,0.214,0,100,NA,NA,-0.02,0,-0.02,28,linear,500,2024-10-30T09:40:06Z
ppo_3,0.042,0,100,NA,NA,-0.02,0,-0.02,28,linear,500,2024-10-30T09:40:06Z
ppo_7,0.066,0,100,NA,NA,-0.02,0,-0.02,28,linear,500,2024-10-30T09:40:06Z
ppo_14,0.14,0,100,NA,NA,-0.02,0,-0.02,28,linear,500,2024-10-30T09:40:06Z
ppo_21,0.248,0,100,NA,NA,-0.02,0,-0.02,28,linear,500,2024-10-30T09:40:06Z
ppo_28,0.37,0,100,NA,NA,-0.02,0,-0.02,28,linear,500,2024-10-30T09:40:06Z
cox_prop_state1,0.236,0,100,NA,NA,-0.02,0,-0.02,28,linear,500,2024-10-30T09:40:06Z
cox_spline2_state1,0.19,0,100,NA,NA,-0.02,0,-0.02,28,linear,500,2024-10-30T09:40:06Z
cox_prop_state12,0.236,0,100,NA,NA,-0.02,0,-0.02,28,linear,500,2024-10-30T09:40:06Z
cox_spline2_state12,0.198,0,100,NA,NA,-0.02,0,-0.02,28,linear,500,2024-10-30T09:40:06Z
cox_prop_state123,0.206,0,100,NA,NA,-0.02,0,-0.02,28,linear,500,2024-10-30T09:40:06Z
cox_spline2_state123,0.172,0,100,NA,NA,-0.02,0,-0.02,28,linear,500,2024-10-30T09:40:06Z
otm,0.92,0,200,NA,NA,-0.02,0,-0.02,28,linear,500,2024-10-30T19:11:40Z
otm_rand_int,0.918,0,200,NA,NA,-0.02,0,-0.02,28,linear,500,2024-10-30T19:11:40Z
rand_int,0.994,0,200,NA,NA,-0.02,0,-0.02,28,linear,500,2024-10-30T19:11:40Z
free_days8,0.124,0,200,NA,NA,-0.02,0,-0.02,28,linear,500,2024-10-30T19:11:40Z
free_days78,0.106,0,200,NA,NA,-0.02,0,-0.02,28,linear,500,2024-10-30T19:11:40Z
free_days678,0.136,0,200,NA,NA,-0.02,0,-0.02,28,linear,500,2024-10-30T19:11:40Z
free_days5678,0.214,0,200,NA,NA,-0.02,0,-0.02,28,linear,500,2024-10-30T19:11:40Z
free_days45678,0.306,0,200,NA,NA,-0.02,0,-0.02,28,linear,500,2024-10-30T19:11:40Z
free_days345678,0.324,0,200,NA,NA,-0.02,0,-0.02,28,linear,500,2024-10-30T19:11:40Z
free_days2345678,0.352,0,200,NA,NA,-0.02,0,-0.02,28,linear,500,2024-10-30T19:11:40Z
ppo_3,0.048,0,200,NA,NA,-0.02,0,-0.02,28,linear,500,2024-10-30T19:11:40Z
ppo_7,0.07,0,200,NA,NA,-0.02,0,-0.02,28,linear,500,2024-10-30T19:11:40Z
ppo_14,0.192,0,200,NA,NA,-0.02,0,-0.02,28,linear,500,2024-10-30T19:11:40Z
ppo_21,0.41,0,200,NA,NA,-0.02,0,-0.02,28,linear,500,2024-10-30T19:11:40Z
ppo_28,0.634,0,200,NA,NA,-0.02,0,-0.02,28,linear,500,2024-10-30T19:11:40Z
cox_prop_state1,0.386,0,200,NA,NA,-0.02,0,-0.02,28,linear,500,2024-10-30T19:11:40Z
cox_spline2_state1,0.372,0,200,NA,NA,-0.02,0,-0.02,28,linear,500,2024-10-30T19:11:40Z
cox_prop_state12,0.37,0,200,NA,NA,-0.02,0,-0.02,28,linear,500,2024-10-30T19:11:40Z
cox_spline2_state12,0.382,0,200,NA,NA,-0.02,0,-0.02,28,linear,500,2024-10-30T19:11:40Z
cox_prop_state123,0.308,0,200,NA,NA,-0.02,0,-0.02,28,linear,500,2024-10-30T19:11:40Z
cox_spline2_state123,0.338,0,200,NA,NA,-0.02,0,-0.02,28,linear,500,2024-10-30T19:11:40Z
otm,0.976,0,300,NA,NA,-0.02,0,-0.02,28,linear,500,2024-10-31T07:35:49Z
otm_rand_int,0.976,0,300,NA,NA,-0.02,0,-0.02,28,linear,500,2024-10-31T07:35:49Z
rand_int,0.996,0,300,NA,NA,-0.02,0,-0.02,28,linear,500,2024-10-31T07:35:49Z
free_days8,0.17,0,300,NA,NA,-0.02,0,-0.02,28,linear,500,2024-10-31T07:35:49Z
free_days78,0.152,0,300,NA,NA,-0.02,0,-0.02,28,linear,500,2024-10-31T07:35:49Z
free_days678,0.194,0,300,NA,NA,-0.02,0,-0.02,28,linear,500,2024-10-31T07:35:49Z
free_days5678,0.294,0,300,NA,NA,-0.02,0,-0.02,28,linear,500,2024-10-31T07:35:49Z
free_days45678,0.402,0,300,NA,NA,-0.02,0,-0.02,28,linear,500,2024-10-31T07:35:49Z
free_days345678,0.424,0,300,NA,NA,-0.02,0,-0.02,28,linear,500,2024-10-31T07:35:49Z
free_days2345678,0.46,0,300,NA,NA,-0.02,0,-0.02,28,linear,500,2024-10-31T07:35:49Z
ppo_3,0.052,0,300,NA,NA,-0.02,0,-0.02,28,linear,500,2024-10-31T07:35:49Z
ppo_7,0.07,0,300,NA,NA,-0.02,0,-0.02,28,linear,500,2024-10-31T07:35:49Z
ppo_14,0.228,0,300,NA,NA,-0.02,0,-0.02,28,linear,500,2024-10-31T07:35:49Z
ppo_21,0.57,0,300,NA,NA,-0.02,0,-0.02,28,linear,500,2024-10-31T07:35:49Z
ppo_28,0.798,0,300,NA,NA,-0.02,0,-0.02,28,linear,500,2024-10-31T07:35:49Z
cox_prop_state1,0.516,0,300,NA,NA,-0.02,0,-0.02,28,linear,500,2024-10-31T07:35:49Z
cox_spline2_state1,0.498,0,300,NA,NA,-0.02,0,-0.02,28,linear,500,2024-10-31T07:35:49Z
cox_prop_state12,0.516,0,300,NA,NA,-0.02,0,-0.02,28,linear,500,2024-10-31T07:35:49Z
cox_spline2_state12,0.516,0,300,NA,NA,-0.02,0,-0.02,28,linear,500,2024-10-31T07:35:49Z
cox_prop_state123,0.436,0,300,NA,NA,-0.02,0,-0.02,28,linear,500,2024-10-31T07:35:49Z
cox_spline2_state123,0.448,0,300,NA,NA,-0.02,0,-0.02,28,linear,500,2024-10-31T07:35:49Z
otm,0.998,0,400,NA,NA,-0.02,0,-0.02,28,linear,500,2024-10-31T23:48:08Z
otm_rand_int,0.998,0,400,NA,NA,-0.02,0,-0.02,28,linear,500,2024-10-31T23:48:08Z
rand_int,1,0,400,NA,NA,-0.02,0,-0.02,28,linear,500,2024-10-31T23:48:08Z
free_days8,0.18,0,400,NA,NA,-0.02,0,-0.02,28,linear,500,2024-10-31T23:48:08Z
free_days78,0.18,0,400,NA,NA,-0.02,0,-0.02,28,linear,500,2024-10-31T23:48:08Z
free_days678,0.228,0,400,NA,NA,-0.02,0,-0.02,28,linear,500,2024-10-31T23:48:08Z
free_days5678,0.402,0,400,NA,NA,-0.02,0,-0.02,28,linear,500,2024-10-31T23:48:08Z
free_days45678,0.548,0,400,NA,NA,-0.02,0,-0.02,28,linear,500,2024-10-31T23:48:08Z
free_days345678,0.558,0,400,NA,NA,-0.02,0,-0.02,28,linear,500,2024-10-31T23:48:08Z
free_days2345678,0.594,0,400,NA,NA,-0.02,0,-0.02,28,linear,500,2024-10-31T23:48:08Z
ppo_3,0.062,0,400,NA,NA,-0.02,0,-0.02,28,linear,500,2024-10-31T23:48:08Z
ppo_7,0.094,0,400,NA,NA,-0.02,0,-0.02,28,linear,500,2024-10-31T23:48:08Z
ppo_14,0.348,0,400,NA,NA,-0.02,0,-0.02,28,linear,500,2024-10-31T23:48:08Z
ppo_21,0.714,0,400,NA,NA,-0.02,0,-0.02,28,linear,500,2024-10-31T23:48:08Z
ppo_28,0.91,0,400,NA,NA,-0.02,0,-0.02,28,linear,500,2024-10-31T23:48:08Z
cox_prop_state1,0.644,0,400,NA,NA,-0.02,0,-0.02,28,linear,500,2024-10-31T23:48:08Z
cox_spline2_state1,0.652,0,400,NA,NA,-0.02,0,-0.02,28,linear,500,2024-10-31T23:48:08Z
cox_prop_state12,0.634,0,400,NA,NA,-0.02,0,-0.02,28,linear,500,2024-10-31T23:48:08Z
cox_spline2_state12,0.66,0,400,NA,NA,-0.02,0,-0.02,28,linear,500,2024-10-31T23:48:08Z
cox_prop_state123,0.56,0,400,NA,NA,-0.02,0,-0.02,28,linear,500,2024-10-31T23:48:08Z
cox_spline2_state123,0.606,0,400,NA,NA,-0.02,0,-0.02,28,linear,500,2024-10-31T23:48:08Z
otm,0.042,0,500,NA,NA,-0.02,0,0,3,linear,500,2024-11-01T22:07:06Z
otm_rand_int,0.04,0,500,NA,NA,-0.02,0,0,3,linear,500,2024-11-01T22:07:06Z
rand_int,0.49,0,500,NA,NA,-0.02,0,0,3,linear,500,2024-11-01T22:07:06Z
free_days8,0.06,0,500,NA,NA,-0.02,0,0,3,linear,500,2024-11-01T22:07:06Z
free_days78,0.054,0,500,NA,NA,-0.02,0,0,3,linear,500,2024-11-01T22:07:06Z
free_days678,0.052,0,500,NA,NA,-0.02,0,0,3,linear,500,2024-11-01T22:07:06Z
free_days5678,0.048,0,500,NA,NA,-0.02,0,0,3,linear,500,2024-11-01T22:07:06Z
free_days45678,0.054,0,500,NA,NA,-0.02,0,0,3,linear,500,2024-11-01T22:07:06Z
free_days345678,0.054,0,500,NA,NA,-0.02,0,0,3,linear,500,2024-11-01T22:07:06Z
free_days2345678,0.054,0,500,NA,NA,-0.02,0,0,3,linear,500,2024-11-01T22:07:06Z
ppo_3,0.046,0,500,NA,NA,-0.02,0,0,3,linear,500,2024-11-01T22:07:06Z
ppo_7,0.058,0,500,NA,NA,-0.02,0,0,3,linear,500,2024-11-01T22:07:06Z
ppo_14,0.05,0,500,NA,NA,-0.02,0,0,3,linear,500,2024-11-01T22:07:06Z
ppo_21,0.048,0,500,NA,NA,-0.02,0,0,3,linear,500,2024-11-01T22:07:06Z
ppo_28,0.064,0,500,NA,NA,-0.02,0,0,3,linear,500,2024-11-01T22:07:06Z
cox_prop_state1,0.054,0,500,NA,NA,-0.02,0,0,3,linear,500,2024-11-01T22:07:06Z
cox_spline2_state1,0.058,0,500,NA,NA,-0.02,0,0,3,linear,500,2024-11-01T22:07:06Z
cox_prop_state12,0.054,0,500,NA,NA,-0.02,0,0,3,linear,500,2024-11-01T22:07:06Z
cox_spline2_state12,0.066,0,500,NA,NA,-0.02,0,0,3,linear,500,2024-11-01T22:07:06Z
cox_prop_state123,0.054,0,500,NA,NA,-0.02,0,0,3,linear,500,2024-11-01T22:07:06Z
cox_spline2_state123,0.05,0,500,NA,NA,-0.02,0,0,3,linear,500,2024-11-01T22:07:06Z
otm,1,0,500,NA,NA,-0.02,0,-0.02,28,linear,500,2024-11-01T19:53:59Z
otm_rand_int,1,0,500,NA,NA,-0.02,0,-0.02,28,linear,500,2024-11-01T19:53:59Z
rand_int,1,0,500,NA,NA,-0.02,0,-0.02,28,linear,500,2024-11-01T19:53:59Z
free_days8,0.224,0,500,NA,NA,-0.02,0,-0.02,28,linear,500,2024-11-01T19:53:59Z
free_days78,0.246,0,500,NA,NA,-0.02,0,-0.02,28,linear,500,2024-11-01T19:53:59Z
free_days678,0.268,0,500,NA,NA,-0.02,0,-0.02,28,linear,500,2024-11-01T19:53:59Z
free_days5678,0.494,0,500,NA,NA,-0.02,0,-0.02,28,linear,500,2024-11-01T19:53:59Z
free_days45678,0.656,0,500,NA,NA,-0.02,0,-0.02,28,linear,500,2024-11-01T19:53:59Z
free_days345678,0.676,0,500,NA,NA,-0.02,0,-0.02,28,linear,500,2024-11-01T19:53:59Z
free_days2345678,0.718,0,500,NA,NA,-0.02,0,-0.02,28,linear,500,2024-11-01T19:53:59Z
ppo_3,0.048,0,500,NA,NA,-0.02,0,-0.02,28,linear,500,2024-11-01T19:53:59Z
ppo_7,0.088,0,500,NA,NA,-0.02,0,-0.02,28,linear,500,2024-11-01T19:53:59Z
ppo_14,0.39,0,500,NA,NA,-0.02,0,-0.02,28,linear,500,2024-11-01T19:53:59Z
ppo_21,0.828,0,500,NA,NA,-0.02,0,-0.02,28,linear,500,2024-11-01T19:53:59Z
ppo_28,0.968,0,500,NA,NA,-0.02,0,-0.02,28,linear,500,2024-11-01T19:53:59Z
cox_prop_state1,0.758,0,500,NA,NA,-0.02,0,-0.02,28,linear,500,2024-11-01T19:53:59Z
cox_spline2_state1,0.768,0,500,NA,NA,-0.02,0,-0.02,28,linear,500,2024-11-01T19:53:59Z
cox_prop_state12,0.766,0,500,NA,NA,-0.02,0,-0.02,28,linear,500,2024-11-01T19:53:59Z
cox_spline2_state12,0.766,0,500,NA,NA,-0.02,0,-0.02,28,linear,500,2024-11-01T19:53:59Z
cox_prop_state123,0.67,0,500,NA,NA,-0.02,0,-0.02,28,linear,500,2024-11-01T19:53:59Z
cox_spline2_state123,0.714,0,500,NA,NA,-0.02,0,-0.02,28,linear,500,2024-11-01T19:53:59Z
otm,0.064,0,100,NA,NA,-0.02,0,-0.01,3,linear,500,2024-10-30T06:42:23Z
otm_rand_int,0.066,0,100,NA,NA,-0.02,0,-0.01,3,linear,500,2024-10-30T06:42:23Z
rand_int,0.52,0,100,NA,NA,-0.02,0,-0.01,3,linear,500,2024-10-30T06:42:23Z
free_days8,0.058,0,100,NA,NA,-0.02,0,-0.01,3,linear,500,2024-10-30T06:42:23Z
free_days78,0.066,0,100,NA,NA,-0.02,0,-0.01,3,linear,500,2024-10-30T06:42:23Z
free_days678,0.064,0,100,NA,NA,-0.02,0,-0.01,3,linear,500,2024-10-30T06:42:23Z
free_days5678,0.06,0,100,NA,NA,-0.02,0,-0.01,3,linear,500,2024-10-30T06:42:23Z
free_days45678,0.068,0,100,NA,NA,-0.02,0,-0.01,3,linear,500,2024-10-30T06:42:23Z
free_days345678,0.066,0,100,NA,NA,-0.02,0,-0.01,3,linear,500,2024-10-30T06:42:23Z
free_days2345678,0.078,0,100,NA,NA,-0.02,0,-0.01,3,linear,500,2024-10-30T06:42:23Z
ppo_3,0.04,0,100,NA,NA,-0.02,0,-0.01,3,linear,500,2024-10-30T06:42:23Z
ppo_7,0.066,0,100,NA,NA,-0.02,0,-0.01,3,linear,500,2024-10-30T06:42:23Z
ppo_14,0.078,0,100,NA,NA,-0.02,0,-0.01,3,linear,500,2024-10-30T06:42:23Z
ppo_21,0.074,0,100,NA,NA,-0.02,0,-0.01,3,linear,500,2024-10-30T06:42:23Z
ppo_28,0.066,0,100,NA,NA,-0.02,0,-0.01,3,linear,500,2024-10-30T06:42:23Z
cox_prop_state1,0.062,0,100,NA,NA,-0.02,0,-0.01,3,linear,500,2024-10-30T06:42:23Z
cox_spline2_state1,0.052,0,100,NA,NA,-0.02,0,-0.01,3,linear,500,2024-10-30T06:42:23Z
cox_prop_state12,0.062,0,100,NA,NA,-0.02,0,-0.01,3,linear,500,2024-10-30T06:42:23Z
cox_spline2_state12,0.054,0,100,NA,NA,-0.02,0,-0.01,3,linear,500,2024-10-30T06:42:23Z
cox_prop_state123,0.058,0,100,NA,NA,-0.02,0,-0.01,3,linear,500,2024-10-30T06:42:23Z
cox_spline2_state123,0.062,0,100,NA,NA,-0.02,0,-0.01,3,linear,500,2024-10-30T06:42:23Z
otm,0.072,0,200,NA,NA,-0.02,0,-0.01,3,linear,500,2024-10-30T16:16:03Z
otm_rand_int,0.068,0,200,NA,NA,-0.02,0,-0.01,3,linear,500,2024-10-30T16:16:03Z
rand_int,0.548,0,200,NA,NA,-0.02,0,-0.01,3,linear,500,2024-10-30T16:16:03Z
free_days8,0.056,0,200,NA,NA,-0.02,0,-0.01,3,linear,500,2024-10-30T16:16:03Z
free_days78,0.056,0,200,NA,NA,-0.02,0,-0.01,3,linear,500,2024-10-30T16:16:03Z
free_days678,0.052,0,200,NA,NA,-0.02,0,-0.01,3,linear,500,2024-10-30T16:16:03Z
free_days5678,0.046,0,200,NA,NA,-0.02,0,-0.01,3,linear,500,2024-10-30T16:16:03Z
free_days45678,0.05,0,200,NA,NA,-0.02,0,-0.01,3,linear,500,2024-10-30T16:16:03Z
free_days345678,0.06,0,200,NA,NA,-0.02,0,-0.01,3,linear,500,2024-10-30T16:16:03Z
free_days2345678,0.058,0,200,NA,NA,-0.02,0,-0.01,3,linear,500,2024-10-30T16:16:03Z
ppo_3,0.054,0,200,NA,NA,-0.02,0,-0.01,3,linear,500,2024-10-30T16:16:03Z
ppo_7,0.06,0,200,NA,NA,-0.02,0,-0.01,3,linear,500,2024-10-30T16:16:03Z
ppo_14,0.074,0,200,NA,NA,-0.02,0,-0.01,3,linear,500,2024-10-30T16:16:03Z
ppo_21,0.072,0,200,NA,NA,-0.02,0,-0.01,3,linear,500,2024-10-30T16:16:03Z
ppo_28,0.084,0,200,NA,NA,-0.02,0,-0.01,3,linear,500,2024-10-30T16:16:03Z
cox_prop_state1,0.06,0,200,NA,NA,-0.02,0,-0.01,3,linear,500,2024-10-30T16:16:03Z
cox_spline2_state1,0.064,0,200,NA,NA,-0.02,0,-0.01,3,linear,500,2024-10-30T16:16:03Z
cox_prop_state12,0.056,0,200,NA,NA,-0.02,0,-0.01,3,linear,500,2024-10-30T16:16:03Z
cox_spline2_state12,0.068,0,200,NA,NA,-0.02,0,-0.01,3,linear,500,2024-10-30T16:16:03Z
cox_prop_state123,0.062,0,200,NA,NA,-0.02,0,-0.01,3,linear,500,2024-10-30T16:16:03Z
cox_spline2_state123,0.054,0,200,NA,NA,-0.02,0,-0.01,3,linear,500,2024-10-30T16:16:03Z
otm,0.086,0,300,NA,NA,-0.02,0,-0.01,3,linear,500,2024-10-31T04:34:46Z
otm_rand_int,0.082,0,300,NA,NA,-0.02,0,-0.01,3,linear,500,2024-10-31T04:34:46Z
rand_int,0.564,0,300,NA,NA,-0.02,0,-0.01,3,linear,500,2024-10-31T04:34:46Z
free_days8,0.062,0,300,NA,NA,-0.02,0,-0.01,3,linear,500,2024-10-31T04:34:46Z
free_days78,0.072,0,300,NA,NA,-0.02,0,-0.01,3,linear,500,2024-10-31T04:34:46Z
free_days678,0.066,0,300,NA,NA,-0.02,0,-0.01,3,linear,500,2024-10-31T04:34:46Z
free_days5678,0.07,0,300,NA,NA,-0.02,0,-0.01,3,linear,500,2024-10-31T04:34:46Z
free_days45678,0.078,0,300,NA,NA,-0.02,0,-0.01,3,linear,500,2024-10-31T04:34:46Z
free_days345678,0.08,0,300,NA,NA,-0.02,0,-0.01,3,linear,500,2024-10-31T04:34:46Z
free_days2345678,0.08,0,300,NA,NA,-0.02,0,-0.01,3,linear,500,2024-10-31T04:34:46Z
ppo_3,0.072,0,300,NA,NA,-0.02,0,-0.01,3,linear,500,2024-10-31T04:34:46Z
ppo_7,0.062,0,300,NA,NA,-0.02,0,-0.01,3,linear,500,2024-10-31T04:34:46Z
ppo_14,0.066,0,300,NA,NA,-0.02,0,-0.01,3,linear,500,2024-10-31T04:34:46Z
ppo_21,0.07,0,300,NA,NA,-0.02,0,-0.01,3,linear,500,2024-10-31T04:34:46Z
ppo_28,0.074,0,300,NA,NA,-0.02,0,-0.01,3,linear,500,2024-10-31T04:34:46Z
cox_prop_state1,0.07,0,300,NA,NA,-0.02,0,-0.01,3,linear,500,2024-10-31T04:34:46Z
cox_spline2_state1,0.072,0,300,NA,NA,-0.02,0,-0.01,3,linear,500,2024-10-31T04:34:46Z
cox_prop_state12,0.066,0,300,NA,NA,-0.02,0,-0.01,3,linear,500,2024-10-31T04:34:46Z
cox_spline2_state12,0.07,0,300,NA,NA,-0.02,0,-0.01,3,linear,500,2024-10-31T04:34:46Z
cox_prop_state123,0.068,0,300,NA,NA,-0.02,0,-0.01,3,linear,500,2024-10-31T04:34:46Z
cox_spline2_state123,0.074,0,300,NA,NA,-0.02,0,-0.01,3,linear,500,2024-10-31T04:34:46Z
otm,0.092,0,400,NA,NA,-0.02,0,-0.01,3,linear,500,2024-10-31T19:42:43Z
otm_rand_int,0.088,0,400,NA,NA,-0.02,0,-0.01,3,linear,500,2024-10-31T19:42:43Z
rand_int,0.56,0,400,NA,NA,-0.02,0,-0.01,3,linear,500,2024-10-31T19:42:43Z
free_days8,0.052,0,400,NA,NA,-0.02,0,-0.01,3,linear,500,2024-10-31T19:42:43Z
free_days78,0.046,0,400,NA,NA,-0.02,0,-0.01,3,linear,500,2024-10-31T19:42:43Z
free_days678,0.058,0,400,NA,NA,-0.02,0,-0.01,3,linear,500,2024-10-31T19:42:43Z
free_days5678,0.05,0,400,NA,NA,-0.02,0,-0.01,3,linear,500,2024-10-31T19:42:43Z
free_days45678,0.07,0,400,NA,NA,-0.02,0,-0.01,3,linear,500,2024-10-31T19:42:43Z
free_days345678,0.068,0,400,NA,NA,-0.02,0,-0.01,3,linear,500,2024-10-31T19:42:43Z
free_days2345678,0.066,0,400,NA,NA,-0.02,0,-0.01,3,linear,500,2024-10-31T19:42:43Z
ppo_3,0.054,0,400,NA,NA,-0.02,0,-0.01,3,linear,500,2024-10-31T19:42:43Z
ppo_7,0.044,0,400,NA,NA,-0.02,0,-0.01,3,linear,500,2024-10-31T19:42:43Z
ppo_14,0.054,0,400,NA,NA,-0.02,0,-0.01,3,linear,500,2024-10-31T19:42:43Z
ppo_21,0.066,0,400,NA,NA,-0.02,0,-0.01,3,linear,500,2024-10-31T19:42:43Z
ppo_28,0.07,0,400,NA,NA,-0.02,0,-0.01,3,linear,500,2024-10-31T19:42:43Z
cox_prop_state1,0.064,0,400,NA,NA,-0.02,0,-0.01,3,linear,500,2024-10-31T19:42:43Z
cox_spline2_state1,0.074,0,400,NA,NA,-0.02,0,-0.01,3,linear,500,2024-10-31T19:42:43Z
cox_prop_state12,0.068,0,400,NA,NA,-0.02,0,-0.01,3,linear,500,2024-10-31T19:42:43Z
cox_spline2_state12,0.07,0,400,NA,NA,-0.02,0,-0.01,3,linear,500,2024-10-31T19:42:43Z
cox_prop_state123,0.058,0,400,NA,NA,-0.02,0,-0.01,3,linear,500,2024-10-31T19:42:43Z
cox_spline2_state123,0.058,0,400,NA,NA,-0.02,0,-0.01,3,linear,500,2024-10-31T19:42:43Z
